generation, lastChange, bestEnergy, bestTime, bestFitness, %invalid, fitnessInverseSum, validCount, deltaInv, dtInv, negVelInv, endVelInv, timeInv, notRun,fitnessMin, fitnessMax, fitnessMedian, fitnessAvg, fitnessStd,lengthMin, lengthMax, lengthMedian, lengthAvg, lengthStd,genotypeSimMin, genotypeSimMax, genotypeSimMedian, genotypeSimAvg, genotypeSimStd,genotypeAbsSimMin, genotypeAbsSimMax, genotypeAbsSimMedian, genotypeAbsSimAvg, genotypeAbsSimStd,fenotypeSimMin, fenotypeSimMax, fenotypeSimMedian, fenotypeSimAvg, fenotypeSimStd,fitnessSimMin, fitnessSimMax, fitnessSimMedian, fitnessSimAvg, fitnessSimStd,fitnessAbsSimMin, fitnessAbsSimMax, fitnessAbsSimMedian, fitnessAbsSimAvg, fitnessAbsSimStd,
1,  1,  73895.875000,  2099.406250,  73895.875000,  0.240000,   0.000865,76, 4, 0, 0, 16, 4, 0, 73895.875000,100433.031250,87250.500000,88333.726562,6504.703613,16.000000,31.000000,23.000000,23.440001,3.299447,-8.000000,7.000000,-1.000000,-0.560000,3.299454,0.000000,8.000000,1.000000,2.760000,1.892723,0.000000,61.453369,45.630436,41.438148,9.884354,0.000000,26537.156250,13354.628906,14437.838867,6504.901367,0.000000,26537.156250,13354.628906,14437.838867,6504.901367,
2,  2,  73895.875000,  2099.406250,  73895.875000,  0.310000,   0.000785,69, 3, 1, 0, 20, 7, 0, 73895.875000,100553.312500,87808.078125,88292.257812,5856.218750,17.000000,29.000000,24.000000,22.750000,2.892662,-7.000000,5.000000,0.000000,-1.250000,2.892663,0.000000,7.000000,0.000000,2.630000,1.735828,0.000000,58.258270,50.118362,43.996342,9.613261,0.000000,26657.437500,13912.203125,14396.405273,5855.911133,0.000000,26657.437500,13912.203125,14396.405273,5855.911133,
3,  3,  73895.875000,  2099.406250,  73895.875000,  0.240000,   0.000858,76, 3, 0, 0, 16, 5, 0, 73895.875000,100451.000000,86673.671875,89059.085938,6349.561035,17.000000,30.000000,23.000000,22.850000,2.913329,-7.000000,6.000000,-1.000000,-1.150000,2.913332,0.000000,7.000000,1.000000,2.510000,1.873473,0.000000,64.600494,36.822712,44.673195,10.039692,0.000000,26555.125000,12777.796875,15163.211914,6349.584961,0.000000,26555.125000,12777.796875,15163.211914,6349.584961,
4,  4,  73895.875000,  2099.406250,  73895.875000,  0.190000,   0.000919,81, 4, 0, 0, 13, 2, 0, 73895.875000,100746.125000,86957.070312,88602.914062,6202.059082,13.000000,29.000000,24.500000,22.820000,3.044280,-11.000000,5.000000,0.500000,-1.180000,3.044273,0.000000,11.000000,0.500000,2.540000,2.051439,0.000000,65.483116,28.401524,43.710384,10.521555,0.000000,26850.250000,13061.195312,14707.045898,6201.873047,0.000000,26850.250000,13061.195312,14707.045898,6201.873047,
5,  5,  73895.875000,  2099.406250,  73895.875000,  0.160000,   0.000943,84, 7, 0, 0, 8, 1, 0, 73895.875000,100057.218750,87881.312500,89552.312500,6350.569336,15.000000,32.000000,21.000000,23.080000,3.084414,-9.000000,8.000000,-3.000000,-0.920000,3.084412,0.000000,9.000000,3.000000,2.540000,1.976967,0.000000,62.002449,45.727661,43.431049,9.520658,0.000000,26161.343750,13985.433594,15656.449219,6350.308105,0.000000,26161.343750,13985.433594,15656.449219,6350.308105,
6,  6,  73895.875000,  2099.406250,  73895.875000,  0.250000,   0.000844,75, 8, 0, 0, 14, 3, 0, 73895.875000,100429.078125,87625.710938,89233.640625,6073.343750,15.000000,31.000000,23.500000,23.080000,3.419591,-9.000000,7.000000,-0.500000,-0.920000,3.419590,0.000000,9.000000,0.500000,2.740000,2.243301,0.000000,65.470024,45.730633,42.748604,10.147058,0.000000,26533.203125,13729.835938,15337.773438,6073.304199,0.000000,26533.203125,13729.835938,15337.773438,6073.304199,
7,  7,  73895.875000,  2099.406250,  73895.875000,  0.280000,   0.000797,72, 7, 1, 0, 15, 5, 0, 73895.875000,100429.078125,90491.031250,90914.023438,6839.434082,13.000000,33.000000,22.500000,22.570000,3.505014,-11.000000,9.000000,-1.500000,-1.430000,3.505011,0.000000,11.000000,1.500000,2.930000,2.396894,0.000000,66.238029,34.190590,42.672802,10.133683,0.000000,26533.203125,16595.156250,17018.132812,6839.616211,0.000000,26533.203125,16595.156250,17018.132812,6839.616211,
8,  8,  73895.875000,  2099.406250,  73895.875000,  0.280000,   0.000792,72, 5, 2, 0, 14, 7, 0, 73895.875000,100317.046875,90165.078125,91373.601562,6568.891602,13.000000,31.000000,18.500000,22.379999,3.270420,-11.000000,7.000000,-5.500000,-1.620000,3.270413,0.000000,11.000000,5.500000,2.860000,2.267245,0.000000,59.348709,34.029282,41.841740,9.211796,0.000000,26421.171875,16269.207031,17477.755859,6568.416504,0.000000,26421.171875,16269.207031,17477.755859,6568.416504,
9,  9,  73895.875000,  2099.406250,  73895.875000,  0.310000,   0.000764,69, 10, 1, 0, 18, 2, 0, 73895.875000,100711.453125,90387.101562,90969.265625,7309.041016,14.000000,33.000000,24.500000,22.150000,3.881688,-10.000000,9.000000,0.500000,-1.850000,3.881688,0.000000,10.000000,3.500000,3.470000,2.539508,0.000000,59.342377,29.404036,41.298248,9.450077,0.000000,26815.578125,16491.226562,17073.388672,7309.049805,0.000000,26815.578125,16491.226562,17073.388672,7309.049805,
10,  10,  73895.875000,  2099.406250,  73895.875000,  0.260000,   0.000820,74, 7, 0, 0, 15, 4, 0, 73895.875000,100499.343750,89183.593750,90855.421875,7267.170898,15.000000,31.000000,25.000000,21.950001,3.556331,-9.000000,7.000000,1.000000,-2.050000,3.556333,0.000000,9.000000,2.000000,3.270000,2.481351,0.000000,58.912384,29.369629,42.883896,9.120484,0.000000,26603.468750,15287.718750,16959.537109,7267.333984,0.000000,26603.468750,15287.718750,16959.537109,7267.333984,
11,  11,  73895.875000,  2099.406250,  73895.875000,  0.340000,   0.000733,66, 12, 0, 0, 13, 9, 0, 73895.875000,100361.312500,88822.656250,90608.804688,7086.681641,10.000000,31.000000,26.000000,21.930000,3.899369,-14.000000,7.000000,2.000000,-2.070000,3.899372,0.000000,14.000000,2.000000,3.510000,2.677667,0.000000,62.366306,45.800117,43.150841,11.064155,0.000000,26465.437500,14926.785156,16712.919922,7086.706543,0.000000,26465.437500,14926.785156,16712.919922,7086.706543,
12,  12,  73895.875000,  2099.406250,  73895.875000,  0.330000,   0.000741,67, 7, 0, 0, 19, 7, 0, 73895.875000,100444.406250,89108.859375,90918.585938,6451.393555,12.000000,31.000000,26.500000,22.200001,3.839266,-12.000000,7.000000,2.500000,-1.800000,3.839271,0.000000,12.000000,3.500000,3.400000,2.533772,0.000000,62.648560,41.966011,43.824932,10.299270,0.000000,26548.531250,15212.984375,17022.712891,6451.475586,0.000000,26548.531250,15212.984375,17022.712891,6451.475586,
13,  13,  73895.875000,  2099.406250,  73895.875000,  0.250000,   0.000829,75, 1, 0, 0, 16, 8, 0, 73895.875000,100594.812500,89268.312500,90991.148438,6891.116699,15.000000,32.000000,20.000000,22.030001,3.450955,-9.000000,8.000000,-4.000000,-1.970000,3.450956,0.000000,9.000000,4.000000,3.250000,2.286373,0.000000,67.178322,45.104111,42.133621,11.237069,0.000000,26698.937500,15372.437500,17095.269531,6891.176758,0.000000,26698.937500,15372.437500,17095.269531,6891.176758,
14,  14,  73895.875000,  2099.406250,  73895.875000,  0.250000,   0.000835,75, 6, 2, 0, 14, 3, 0, 73895.875000,100380.359375,89326.289062,90383.093750,6909.703125,14.000000,30.000000,27.500000,22.230000,3.322215,-10.000000,6.000000,3.500000,-1.770000,3.322213,0.000000,10.000000,3.500000,3.010000,2.260509,0.000000,65.815224,25.500504,41.813442,11.118672,0.000000,26484.484375,15430.414062,16487.189453,6910.022949,0.000000,26484.484375,15430.414062,16487.189453,6910.022949,
15,  15,  73895.875000,  2099.406250,  73895.875000,  0.250000,   0.000837,75, 5, 0, 0, 15, 5, 0, 73895.875000,100352.015625,88012.382812,90042.476562,6367.356934,12.000000,32.000000,22.000000,22.559999,3.311556,-12.000000,8.000000,-2.000000,-1.440000,3.311556,0.000000,12.000000,3.000000,2.780000,2.304691,0.000000,63.147095,59.656376,41.753345,11.031317,0.000000,26456.140625,14116.507812,16146.598633,6367.201172,0.000000,26456.140625,14116.507812,16146.598633,6367.201172,
16,  16,  73895.875000,  2099.406250,  73895.875000,  0.260000,   0.000830,74, 7, 0, 0, 16, 3, 0, 73895.875000,100604.125000,87970.046875,89577.406250,6477.095703,14.000000,29.000000,21.500000,22.250000,2.971113,-10.000000,5.000000,-2.500000,-1.750000,2.971111,0.000000,10.000000,2.500000,2.690000,2.157290,0.000000,64.683899,48.888336,41.566849,10.949357,0.000000,26708.250000,14074.171875,15681.521484,6477.300781,0.000000,26708.250000,14074.171875,15681.521484,6477.300781,
17,  17,  73895.875000,  2099.406250,  73895.875000,  0.330000,   0.000750,67, 8, 1, 0, 18, 6, 0, 73895.875000,100186.523438,87891.414062,89812.382812,6881.637207,16.000000,31.000000,22.500000,22.650000,2.944069,-8.000000,7.000000,-1.500000,-1.350000,2.944062,0.000000,8.000000,1.500000,2.630000,1.890264,0.000000,59.786469,25.755022,39.261269,10.700855,0.000000,26290.648438,13995.539062,15916.503906,6881.653320,0.000000,26290.648438,13995.539062,15916.503906,6881.653320,
18,  18,  73895.875000,  2099.406250,  73895.875000,  0.410000,   0.000658,59, 10, 1, 0, 15, 15, 0, 73895.875000,100654.320312,87945.562500,90129.984375,6728.337891,16.000000,31.000000,18.500000,22.330000,3.178224,-8.000000,7.000000,-5.500000,-1.670000,3.178223,0.000000,8.000000,5.500000,2.990000,1.987436,0.000000,64.663902,37.056664,39.168659,11.102412,0.000000,26758.445312,14049.687500,16234.108398,6728.249512,0.000000,26758.445312,14049.687500,16234.108398,6728.249512,
19,  19,  73895.875000,  2099.406250,  73895.875000,  0.320000,   0.000754,68, 8, 1, 0, 16, 7, 0, 73895.875000,100552.859375,89195.164062,90713.687500,6938.209473,14.000000,29.000000,23.500000,22.250000,3.027790,-10.000000,5.000000,-0.500000,-1.750000,3.027788,0.000000,10.000000,0.500000,2.650000,2.281995,0.000000,57.337021,41.866283,38.135681,10.002783,0.000000,26656.984375,15299.289062,16817.820312,6938.269531,0.000000,26656.984375,15299.289062,16817.820312,6938.269531,
20,  20,  73895.875000,  2099.406250,  73895.875000,  0.280000,   0.000807,72, 4, 0, 0, 17, 7, 0, 73895.875000,100450.351562,88455.328125,89764.210938,7055.401367,13.000000,30.000000,21.500000,22.469999,3.204544,-11.000000,6.000000,-2.500000,-1.530000,3.204544,0.000000,11.000000,2.500000,2.710000,2.294755,0.000000,60.535442,34.996445,39.112595,10.151502,0.000000,26554.476562,14559.453125,15868.334961,7055.509277,0.000000,26554.476562,14559.453125,15868.334961,7055.509277,
21,  21,  73895.875000,  2099.406250,  73895.875000,  0.330000,   0.000750,67, 3, 0, 0, 18, 12, 0, 73895.875000,100437.531250,88875.921875,89883.507812,7332.819336,13.000000,32.000000,17.500000,22.770000,3.367061,-11.000000,8.000000,-6.500000,-1.230000,3.367061,0.000000,11.000000,6.500000,2.650000,2.414021,0.000000,58.071655,36.421741,39.596348,10.954234,0.000000,26541.656250,14980.046875,15987.623047,7332.817383,0.000000,26541.656250,14980.046875,15987.623047,7332.817383,
22,  22,  73895.875000,  2099.406250,  73895.875000,  0.290000,   0.000802,71, 5, 0, 0, 17, 7, 0, 73895.875000,100582.164062,87028.265625,89109.937500,7130.437500,14.000000,31.000000,22.000000,22.650000,3.374539,-10.000000,7.000000,-2.000000,-1.350000,3.374537,0.000000,10.000000,2.000000,2.870000,2.230045,0.000000,58.873634,36.757290,40.543556,10.129701,0.000000,26686.289062,13132.390625,15214.068359,7130.340820,0.000000,26686.289062,13132.390625,15214.068359,7130.340820,
23,  23,  73895.875000,  2099.406250,  73895.875000,  0.350000,   0.000720,65, 7, 1, 0, 19, 8, 0, 73895.875000,100402.203125,89671.742188,90835.726562,7193.490234,13.000000,33.000000,20.500000,22.670000,3.744478,-11.000000,9.000000,-3.500000,-1.330000,3.744476,0.000000,11.000000,3.500000,3.170000,2.396059,0.000000,60.049301,50.852348,41.043137,9.513534,0.000000,26506.328125,15775.867188,16939.853516,7193.485840,0.000000,26506.328125,15775.867188,16939.853516,7193.485840,
24,  24,  73895.875000,  2099.406250,  73895.875000,  0.330000,   0.000753,67, 10, 1, 0, 18, 4, 0, 73895.875000,100418.476562,88876.617188,89614.187500,7656.631348,16.000000,32.000000,22.000000,22.860001,3.397108,-8.000000,8.000000,-2.000000,-1.140000,3.397116,0.000000,8.000000,2.000000,2.960000,2.019505,0.000000,65.405876,32.409489,41.226212,9.787157,0.000000,26522.601562,14980.742188,15718.307617,7656.780762,0.000000,26522.601562,14980.742188,15718.307617,7656.780762,
25,  25,  73895.875000,  2099.406250,  73895.875000,  0.310000,   0.000781,69, 12, 0, 0, 12, 7, 0, 73895.875000,100071.265625,86703.882812,88866.445312,6647.917969,14.000000,31.000000,23.500000,22.110001,3.078616,-10.000000,7.000000,-0.500000,-1.890000,3.078620,0.000000,10.000000,0.500000,2.890000,2.167464,0.000000,59.618370,43.557285,41.767723,10.464610,0.000000,26175.390625,12808.007812,14970.570312,6647.969727,0.000000,26175.390625,12808.007812,14970.570312,6647.969727,
26,  26,  73895.875000,  2099.406250,  73895.875000,  0.370000,   0.000703,63, 11, 2, 0, 17, 7, 0, 73895.875000,100664.343750,88519.976562,90099.085938,6694.198242,14.000000,29.000000,23.000000,21.750000,3.305676,-10.000000,5.000000,-1.000000,-2.250000,3.305677,0.000000,10.000000,2.000000,3.250000,2.329700,0.000000,66.328148,38.044170,42.202782,10.967348,0.000000,26768.468750,14624.101562,16203.200195,6694.414551,0.000000,26768.468750,14624.101562,16203.200195,6694.414551,
27,  27,  73895.875000,  2099.406250,  73895.875000,  0.300000,   0.000789,70, 7, 0, 0, 19, 4, 0, 73895.875000,99942.054688,88061.546875,89264.515625,7128.103027,11.000000,31.000000,24.000000,21.690001,3.711320,-13.000000,7.000000,0.000000,-2.310000,3.711321,0.000000,13.000000,0.000000,3.370000,2.784439,0.000000,61.887531,39.332169,41.933876,10.765789,0.000000,26046.179688,14165.671875,15368.633789,7128.083008,0.000000,26046.179688,14165.671875,15368.633789,7128.083008,
28,  28,  73895.875000,  2099.406250,  73895.875000,  0.380000,   0.000690,62, 13, 0, 0, 20, 5, 0, 73895.875000,100308.351562,88396.640625,90343.257812,6828.495605,13.000000,32.000000,25.500000,21.990000,3.848364,-11.000000,8.000000,1.500000,-2.010000,3.848363,0.000000,11.000000,2.500000,3.550000,2.499500,0.000000,68.646812,32.631180,44.024246,11.214114,0.000000,26412.476562,14500.765625,16447.363281,6828.673828,0.000000,26412.476562,14500.765625,16447.363281,6828.673828,
29,  29,  73895.875000,  2099.406250,  73895.875000,  0.270000,   0.000818,73, 7, 0, 0, 12, 8, 0, 73895.875000,100187.164062,88154.929688,89741.859375,6982.199219,15.000000,35.000000,26.000000,22.309999,3.407921,-9.000000,11.000000,2.000000,-1.690000,3.407917,0.000000,11.000000,2.000000,3.110000,2.190411,0.000000,66.185158,42.098129,43.954407,10.663281,0.000000,26291.289062,14259.054688,15845.996094,6981.948242,0.000000,26291.289062,14259.054688,15845.996094,6981.948242,
30,  30,  73895.875000,  2099.406250,  73895.875000,  0.390000,   0.000682,61, 15, 0, 0, 16, 8, 0, 73895.875000,100354.703125,87719.226562,89883.390625,6741.679199,15.000000,36.000000,22.500000,22.290001,3.914823,-9.000000,12.000000,-1.500000,-1.710000,3.914831,0.000000,12.000000,4.500000,3.430000,2.546586,0.000000,64.706497,34.390976,42.920261,10.660047,0.000000,26458.828125,13823.351562,15987.529297,6741.612793,0.000000,26458.828125,13823.351562,15987.529297,6741.612793,
31,  31,  73895.875000,  2099.406250,  73895.875000,  0.380000,   0.000694,62, 11, 1, 0, 16, 10, 0, 73895.875000,100070.226562,88745.359375,89902.070312,7249.218262,14.000000,31.000000,22.500000,22.070000,3.502157,-10.000000,7.000000,-1.500000,-1.930000,3.502156,0.000000,10.000000,1.500000,3.330000,2.213843,0.000000,60.195057,48.721409,43.002213,10.158564,0.000000,26174.351562,14849.488281,16006.209961,7249.075195,0.000000,26174.351562,14849.488281,16006.209961,7249.075195,
32,  32,  73895.875000,  2099.406250,  73895.875000,  0.360000,   0.000726,64, 15, 0, 0, 15, 6, 0, 73895.875000,100168.906250,87869.570312,88821.671875,7622.719727,13.000000,31.000000,21.000000,22.000000,3.701353,-11.000000,7.000000,-3.000000,-2.000000,3.701351,0.000000,11.000000,3.000000,3.320000,2.584105,0.000000,64.762199,40.168945,42.510738,10.515347,0.000000,26273.031250,13973.695312,14925.781250,7622.866699,0.000000,26273.031250,13973.695312,14925.781250,7622.866699,
33,  33,  73895.875000,  2099.406250,  73895.875000,  0.340000,   0.000752,66, 11, 0, 0, 14, 9, 0, 73895.875000,100392.000000,86553.000000,88215.531250,6721.447266,10.000000,32.000000,24.000000,21.820000,3.779894,-14.000000,8.000000,0.000000,-2.180000,3.779894,0.000000,14.000000,2.000000,3.460000,2.658646,0.000000,64.681541,56.971836,40.666027,9.208197,0.000000,26496.125000,12657.125000,14319.658203,6721.528320,0.000000,26496.125000,12657.125000,14319.658203,6721.528320,
34,  34,  73895.875000,  2099.406250,  73895.875000,  0.410000,   0.000664,59, 13, 0, 0, 20, 8, 0, 73895.875000,100192.796875,87972.453125,89280.062500,6447.225586,13.000000,33.000000,19.500000,22.100000,3.637308,-11.000000,9.000000,-4.500000,-1.900000,3.637307,0.000000,11.000000,4.500000,3.220000,2.543934,0.000000,59.892952,34.586151,40.977261,9.914281,0.000000,26296.921875,14076.578125,15384.183594,6447.261719,0.000000,26296.921875,14076.578125,15384.183594,6447.261719,
35,  35,  73895.875000,  2099.406250,  73895.875000,  0.420000,   0.000648,58, 14, 0, 0, 17, 11, 0, 73895.875000,100815.664062,87988.164062,90091.750000,7325.903809,12.000000,33.000000,19.000000,22.010000,3.863919,-12.000000,9.000000,-5.000000,-1.990000,3.863923,0.000000,12.000000,5.000000,3.430000,2.669288,0.000000,63.874454,52.076668,41.502960,11.274507,0.000000,26919.789062,14092.289062,16195.880859,7325.853516,0.000000,26919.789062,14092.289062,16195.880859,7325.853516,
36,  36,  73895.875000,  2099.406250,  73895.875000,  0.380000,   0.000675,62, 16, 1, 0, 17, 4, 0, 73895.875000,100740.125000,93294.921875,92341.296875,6917.109375,15.000000,33.000000,25.000000,21.980000,3.826175,-9.000000,9.000000,1.000000,-2.020000,3.826173,0.000000,9.000000,3.000000,3.500000,2.543619,0.000000,64.727951,35.035530,41.372532,11.565145,0.000000,26844.250000,19399.042969,18445.410156,6917.331055,0.000000,26844.250000,19399.042969,18445.410156,6917.331055,
37,  37,  73895.875000,  2099.406250,  73895.875000,  0.330000,   0.000731,67, 13, 1, 0, 13, 6, 0, 73895.875000,100652.796875,93002.609375,92237.437500,7263.541992,16.000000,33.000000,20.500000,22.450001,3.530926,-8.000000,9.000000,-3.500000,-1.550000,3.530935,0.000000,9.000000,3.500000,3.110000,2.279891,0.000000,62.389420,43.161877,41.084755,10.339064,0.000000,26756.921875,19106.734375,18341.564453,7263.603516,0.000000,26756.921875,19106.734375,18341.564453,7263.603516,
38,  38,  73895.875000,  2099.406250,  73895.875000,  0.410000,   0.000640,59, 9, 1, 0, 18, 13, 0, 73895.875000,100430.828125,96344.492188,92893.382812,7598.905273,14.000000,33.000000,26.000000,22.590000,3.690784,-10.000000,9.000000,2.000000,-1.410000,3.690786,0.000000,10.000000,2.000000,3.030000,2.535567,0.000000,59.474514,51.161537,41.408199,10.037777,0.000000,26534.953125,22448.617188,18997.515625,7598.816895,0.000000,26534.953125,22448.617188,18997.515625,7598.816895,
39,  39,  73895.875000,  2099.406250,  73895.875000,  0.290000,   0.000754,71, 11, 0, 0, 13, 5, 0, 73895.875000,100598.359375,98957.015625,94714.906250,6651.690918,15.000000,31.000000,24.500000,22.940001,3.618891,-9.000000,7.000000,0.500000,-1.060000,3.618895,0.000000,9.000000,0.500000,3.020000,2.258229,0.000000,59.550625,41.506828,43.520706,9.428254,0.000000,26702.484375,25061.140625,20819.041016,6651.698242,0.000000,26702.484375,25061.140625,20819.041016,6651.698242,
40,  40,  73895.875000,  2099.406250,  73895.875000,  0.240000,   0.000814,76, 10, 0, 0, 9, 5, 0, 73895.875000,100554.625000,97888.578125,93955.476562,6939.427246,15.000000,30.000000,23.000000,22.760000,3.295810,-9.000000,6.000000,-1.000000,-1.240000,3.295815,0.000000,9.000000,2.000000,2.920000,1.968146,0.000000,58.744080,44.973969,42.224525,9.122645,0.000000,26658.750000,23992.699219,20059.582031,6939.786621,0.000000,26658.750000,23992.699219,20059.582031,6939.786621,
41,  41,  73895.875000,  2099.406250,  73895.875000,  0.300000,   0.000750,70, 8, 2, 0, 10, 10, 0, 73895.875000,100552.859375,97206.625000,93990.500000,7257.724121,13.000000,33.000000,24.500000,22.860001,3.730999,-11.000000,9.000000,0.500000,-1.140000,3.731005,0.000000,11.000000,1.500000,3.180000,2.260000,0.000000,62.206615,41.908783,42.114338,9.459941,0.000000,26656.984375,23310.750000,20094.628906,7257.796875,0.000000,26656.984375,23310.750000,20094.628906,7257.796875,
42,  42,  73895.875000,  2099.406250,  73895.875000,  0.270000,   0.000783,73, 7, 1, 0, 14, 5, 0, 73895.875000,100669.562500,99177.742188,93869.367188,7175.496094,17.000000,32.000000,23.500000,23.670000,3.313771,-7.000000,8.000000,-0.500000,-0.330000,3.313774,0.000000,8.000000,0.500000,2.650000,2.016804,0.000000,60.365948,54.579250,42.834660,8.831450,0.000000,26773.687500,25281.867188,19973.500000,7175.375488,0.000000,26773.687500,25281.867188,19973.500000,7175.375488,
43,  43,  73895.875000,  2099.406250,  73895.875000,  0.240000,   0.000813,76, 8, 1, 0, 13, 2, 0, 73895.875000,100568.578125,97634.039062,94062.789062,6798.249023,16.000000,32.000000,26.000000,23.990000,3.386725,-8.000000,8.000000,2.000000,-0.010000,3.386724,0.000000,8.000000,4.000000,2.750000,1.976740,0.000000,55.305855,49.205849,42.292683,8.433861,0.000000,26672.703125,23738.164062,20166.947266,6797.815918,0.000000,26672.703125,23738.164062,20166.947266,6797.815918,
44,  44,  73895.875000,  2099.406250,  73895.875000,  0.270000,   0.000788,73, 12, 1, 0, 11, 3, 0, 73895.875000,100451.226562,96771.671875,93274.578125,7159.208984,16.000000,32.000000,22.500000,24.299999,3.151189,-8.000000,8.000000,-1.500000,0.300000,3.151190,0.000000,8.000000,1.500000,2.600000,1.805547,0.000000,60.048946,45.830173,41.079960,9.354196,0.000000,26555.351562,22875.796875,19378.710938,7159.179688,0.000000,26555.351562,22875.796875,19378.710938,7159.179688,
45,  45,  73895.875000,  2099.406250,  73895.875000,  0.250000,   0.000807,75, 12, 1, 0, 5, 7, 0, 73895.875000,100690.843750,96542.468750,93461.421875,6823.282715,15.000000,34.000000,22.500000,24.660000,3.628282,-9.000000,10.000000,-1.500000,0.660000,3.628278,0.000000,10.000000,4.500000,2.840000,2.352531,0.000000,60.165775,50.485085,40.929539,9.091656,0.000000,26794.968750,22646.593750,19565.550781,6823.324707,0.000000,26794.968750,22646.593750,19565.550781,6823.324707,
46,  46,  73895.875000,  2099.406250,  73895.875000,  0.310000,   0.000740,69, 8, 3, 0, 11, 9, 0, 73895.875000,100426.148438,98593.000000,93761.390625,7001.933594,12.000000,32.000000,24.500000,24.219999,3.545653,-12.000000,8.000000,0.500000,0.220000,3.545645,0.000000,12.000000,0.500000,2.760000,2.236604,0.000000,56.134457,52.820168,40.955036,9.057845,0.000000,26530.273438,24697.125000,19865.533203,7001.702637,0.000000,26530.273438,24697.125000,19865.533203,7001.702637,
47,  47,  73895.875000,  2099.406250,  73895.875000,  0.310000,   0.000737,69, 7, 1, 0, 12, 11, 0, 73895.875000,100540.796875,98913.531250,94210.335938,7192.102539,16.000000,35.000000,27.000000,24.080000,3.804423,-8.000000,11.000000,3.000000,0.080000,3.804418,0.000000,11.000000,3.000000,3.060000,2.261946,0.000000,61.356819,48.882889,43.015472,8.760812,0.000000,26644.921875,25017.656250,20314.470703,7191.937500,0.000000,26644.921875,25017.656250,20314.470703,7191.937500,
48,  48,  73895.875000,  2099.406250,  73895.875000,  0.140000,   0.000918,86, 3, 0, 0, 9, 2, 0, 73895.875000,100535.546875,99126.539062,94271.085938,7041.527344,16.000000,35.000000,25.500000,23.969999,3.645425,-8.000000,11.000000,1.500000,-0.030000,3.645422,0.000000,11.000000,1.500000,2.910000,2.195882,0.000000,65.875908,43.200447,42.915222,8.737211,0.000000,26639.671875,25230.664062,20375.220703,7041.390625,0.000000,26639.671875,25230.664062,20375.220703,7041.390625,
49,  49,  73895.875000,  2099.406250,  73895.875000,  0.190000,   0.000867,81, 2, 0, 0, 14, 3, 0, 73895.875000,100582.531250,98204.671875,94004.164062,6886.025391,17.000000,32.000000,22.500000,24.549999,3.219869,-7.000000,8.000000,-1.500000,0.550000,3.219860,0.000000,8.000000,1.500000,2.510000,2.090431,0.000000,60.734337,38.886276,42.161266,8.910018,0.000000,26686.656250,24308.796875,20108.289062,6885.983398,0.000000,26686.656250,24308.796875,20108.289062,6885.983398,
50,  50,  73895.875000,  2099.406250,  73895.875000,  0.220000,   0.000826,78, 3, 0, 0, 16, 3, 0, 73895.875000,100635.031250,99500.093750,95003.953125,6908.666016,16.000000,33.000000,25.000000,24.590000,3.475904,-8.000000,9.000000,1.000000,0.590000,3.475903,0.000000,9.000000,1.000000,2.830000,2.102641,0.000000,61.025364,48.342613,42.548592,8.965061,0.000000,26739.156250,25604.218750,21108.085938,6908.605469,0.000000,26739.156250,25604.218750,21108.085938,6908.605469,
51,  51,  73895.875000,  2099.406250,  73895.875000,  0.190000,   0.000854,81, 2, 1, 0, 14, 2, 0, 73895.875000,100671.523438,99298.984375,95312.312500,6476.660645,15.000000,32.000000,20.500000,24.129999,4.182483,-9.000000,8.000000,-3.500000,0.130000,4.182476,0.000000,9.000000,3.500000,3.510000,2.278135,0.000000,60.401993,35.211281,41.665363,8.738993,0.000000,26775.648438,25403.109375,21416.421875,6476.858398,0.000000,26775.648438,25403.109375,21416.421875,6476.858398,
52,  52,  73895.875000,  2099.406250,  73895.875000,  0.220000,   0.000833,78, 1, 0, 0, 17, 4, 0, 73895.875000,100552.859375,98935.484375,94222.101562,7156.061523,15.000000,33.000000,26.500000,24.240000,4.166824,-9.000000,9.000000,2.500000,0.240000,4.166821,0.000000,9.000000,2.500000,3.500000,2.273763,0.000000,64.483612,45.836655,42.317547,8.908628,0.000000,26656.984375,25039.609375,20326.230469,7155.996582,0.000000,26656.984375,25039.609375,20326.230469,7155.996582,
53,  53,  73895.875000,  2099.406250,  73895.875000,  0.230000,   0.000819,77, 5, 0, 0, 14, 4, 0, 73895.875000,100679.226562,98833.687500,94544.679688,6815.023438,12.000000,35.000000,25.000000,24.610001,4.435980,-12.000000,11.000000,1.000000,0.610000,4.435978,0.000000,12.000000,2.000000,3.590000,2.676172,0.000000,53.945011,53.160805,41.268936,8.971696,0.000000,26783.351562,24937.812500,20648.806641,6814.898926,0.000000,26783.351562,24937.812500,20648.806641,6814.898926,
54,  54,  73895.875000,  2099.406250,  73895.875000,  0.260000,   0.000782,74, 6, 0, 0, 17, 3, 0, 73895.875000,100614.250000,99359.140625,95041.875000,6286.595215,15.000000,36.000000,23.500000,24.600000,4.173725,-9.000000,12.000000,-0.500000,0.600000,4.173728,0.000000,12.000000,0.500000,3.400000,2.493993,0.000000,64.237511,49.890221,41.876808,8.707164,0.000000,26718.375000,25463.261719,21145.994141,6286.752930,0.000000,26718.375000,25463.261719,21145.994141,6286.752930,
55,  55,  73895.875000,  2099.406250,  73895.875000,  0.240000,   0.000800,76, 5, 0, 0, 17, 2, 0, 73895.875000,100527.578125,99185.937500,95406.375000,6027.223633,14.000000,35.000000,25.000000,23.930000,4.885193,-10.000000,11.000000,1.000000,-0.070000,4.885192,0.000000,11.000000,1.000000,3.930000,2.902602,0.000000,66.722687,41.922783,43.144993,10.013229,0.000000,26631.703125,25290.062500,21510.511719,6027.114746,0.000000,26631.703125,25290.062500,21510.511719,6027.114746,
56,  56,  73895.875000,  2099.406250,  73895.875000,  0.270000,   0.000767,73, 1, 2, 0, 20, 4, 0, 73895.875000,100462.093750,99167.750000,95534.898438,5928.037598,14.000000,35.000000,19.500000,24.010000,4.689335,-10.000000,11.000000,-4.500000,0.010000,4.689339,0.000000,11.000000,4.500000,3.910000,2.588803,0.000000,63.917866,28.993706,44.088799,10.885171,0.000000,26566.218750,25271.875000,21639.037109,5927.967773,0.000000,26566.218750,25271.875000,21639.037109,5927.967773,
57,  57,  73895.875000,  2099.406250,  73895.875000,  0.200000,   0.000835,80, 3, 3, 0, 8, 6, 0, 73895.875000,100649.343750,99272.281250,96120.484375,5596.524414,15.000000,34.000000,25.500000,24.240000,4.181199,-9.000000,10.000000,1.500000,0.240000,4.181196,0.000000,10.000000,1.500000,3.460000,2.359746,0.000000,61.853798,46.453362,43.663383,9.624562,0.000000,26753.468750,25376.406250,22224.613281,5596.513184,0.000000,26753.468750,25376.406250,22224.613281,5596.513184,
58,  58,  73895.875000,  2099.406250,  73895.875000,  0.150000,   0.000891,85, 4, 2, 0, 7, 2, 0, 73895.875000,100584.281250,98960.851562,95845.585938,5895.386719,14.000000,33.000000,25.500000,24.580000,3.967819,-10.000000,9.000000,1.500000,0.580000,3.967821,0.000000,10.000000,1.500000,3.220000,2.389895,0.000000,64.848846,45.082741,42.316803,10.175390,0.000000,26688.406250,25064.976562,21949.712891,5895.408203,0.000000,26688.406250,25064.976562,21949.712891,5895.408203,
59,  59,  73895.875000,  2099.406250,  73895.875000,  0.140000,   0.000896,86, 1, 2, 0, 8, 3, 0, 73895.875000,100834.171875,99134.398438,96326.679688,5478.171875,15.000000,35.000000,25.500000,24.209999,4.377887,-9.000000,11.000000,1.500000,0.210000,4.377888,0.000000,11.000000,6.500000,3.530000,2.597903,0.000000,63.850174,42.449085,42.168102,10.316133,0.000000,26938.296875,25238.523438,22430.820312,5477.920898,0.000000,26938.296875,25238.523438,22430.820312,5477.920898,
60,  60,  73895.875000,  2099.406250,  73895.875000,  0.200000,   0.000838,80, 1, 2, 0, 14, 3, 0, 73895.875000,100834.171875,98411.304688,95806.476562,5700.582520,16.000000,35.000000,27.500000,24.299999,3.917912,-8.000000,11.000000,3.500000,0.300000,3.917907,0.000000,11.000000,3.500000,3.060000,2.465035,0.000000,60.961166,39.786888,42.157722,8.573456,0.000000,26938.296875,24515.429688,21910.619141,5700.256836,0.000000,26938.296875,24515.429688,21910.619141,5700.256836,
61,  61,  73895.875000,  2099.406250,  73895.875000,  0.170000,   0.000874,83, 3, 0, 0, 13, 1, 0, 73895.875000,100992.515625,98497.101562,95446.984375,6128.981445,15.000000,34.000000,20.000000,24.219999,4.588206,-9.000000,10.000000,-4.000000,0.220000,4.588202,0.000000,10.000000,4.000000,3.800000,2.580698,0.000000,65.010727,48.049858,41.813461,9.555291,0.000000,27096.640625,24601.226562,21551.113281,6128.934570,0.000000,27096.640625,24601.226562,21551.113281,6128.934570,
62,  62,  73895.875000,  2099.406250,  73895.875000,  0.250000,   0.000792,75, 3, 2, 0, 19, 1, 0, 73895.875000,100929.781250,97161.296875,95052.734375,5964.374023,14.000000,33.000000,27.000000,23.900000,4.455338,-10.000000,9.000000,3.000000,-0.100000,4.455334,0.000000,10.000000,3.000000,3.660000,2.542518,0.000000,65.400093,41.138985,42.052814,9.971572,0.000000,27033.906250,23265.421875,21156.843750,5964.497559,0.000000,27033.906250,23265.421875,21156.843750,5964.497559,
63,  63,  73895.875000,  2099.406250,  73895.875000,  0.160000,   0.000883,84, 2, 0, 0, 10, 4, 0, 73895.875000,100999.703125,98066.367188,95511.359375,5813.176758,15.000000,34.000000,26.000000,23.940001,4.163703,-9.000000,10.000000,2.000000,-0.060000,4.163701,0.000000,10.000000,5.000000,3.380000,2.432201,0.000000,69.608955,29.932520,42.915840,10.246170,0.000000,27103.828125,24170.492188,21615.496094,5812.849121,0.000000,27103.828125,24170.492188,21615.496094,5812.849121,
64,  64,  73895.875000,  2099.406250,  73895.875000,  0.190000,   0.000860,81, 3, 0, 0, 14, 2, 0, 73895.875000,100705.125000,97302.539062,94709.640625,6512.216309,14.000000,36.000000,23.000000,24.180000,4.179425,-10.000000,12.000000,-1.000000,0.180000,4.179426,0.000000,12.000000,3.000000,3.280000,2.596459,0.000000,63.628452,49.427086,42.184368,10.255435,0.000000,26809.250000,23406.664062,20813.775391,6512.142578,0.000000,26809.250000,23406.664062,20813.775391,6512.142578,
65,  65,  73895.875000,  2099.406250,  73895.875000,  0.270000,   0.000782,73, 5, 1, 0, 17, 4, 0, 73895.875000,100461.335938,96865.312500,93908.703125,6962.703125,14.000000,33.000000,26.500000,23.629999,4.337415,-10.000000,9.000000,2.500000,-0.370000,4.337407,0.000000,10.000000,2.500000,3.530000,2.547371,0.000000,58.207085,56.478657,40.489464,9.647099,0.000000,26565.460938,22969.437500,20012.835938,6962.656738,0.000000,26565.460938,22969.437500,20012.835938,6962.656738,
66,  66,  73895.875000,  2099.406250,  73895.875000,  0.320000,   0.000722,68, 2, 1, 0, 18, 11, 0, 73895.875000,100774.593750,97515.226562,94636.789062,6513.474121,15.000000,35.000000,28.500000,24.450001,4.264673,-9.000000,11.000000,4.500000,0.450000,4.264680,0.000000,11.000000,4.500000,3.570000,2.375942,0.000000,70.379333,34.516323,40.661041,11.133528,0.000000,26878.718750,23619.351562,20740.916016,6513.400391,0.000000,26878.718750,23619.351562,20740.916016,6513.400391,
67,  67,  73895.875000,  2099.406250,  73895.875000,  0.280000,   0.000759,72, 6, 2, 0, 14, 6, 0, 73895.875000,100837.546875,99196.078125,95266.078125,6269.550781,15.000000,37.000000,23.000000,23.790001,4.222062,-9.000000,13.000000,-1.000000,-0.210000,4.222073,0.000000,13.000000,1.000000,3.330000,2.604055,0.000000,66.843094,44.905151,40.921227,10.004906,0.000000,26941.671875,25300.207031,21370.191406,6269.619629,0.000000,26941.671875,25300.207031,21370.191406,6269.619629,
68,  68,  73895.875000,  2099.406250,  73895.875000,  0.330000,   0.000698,67, 5, 0, 0, 19, 9, 0, 73895.875000,100634.960938,99407.851562,96350.687500,5484.803711,15.000000,38.000000,25.000000,23.480000,4.026122,-9.000000,14.000000,1.000000,-0.520000,4.026115,0.000000,14.000000,2.000000,3.240000,2.445894,0.000000,68.126602,44.244473,41.573177,9.857053,0.000000,26739.085938,25511.976562,22454.802734,5484.797852,0.000000,26739.085938,25511.976562,22454.802734,5484.797852,
69,  69,  73895.875000,  2099.406250,  73895.875000,  0.200000,   0.000846,80, 5, 1, 0, 7, 7, 0, 73895.875000,100740.218750,96969.320312,95012.351562,5986.737305,12.000000,35.000000,22.000000,22.799999,4.005002,-12.000000,11.000000,-2.000000,-1.200000,4.004997,0.000000,12.000000,2.000000,3.340000,2.514836,0.000000,62.230167,28.502369,41.438457,9.206029,0.000000,26844.343750,23073.445312,21116.494141,5986.617188,0.000000,26844.343750,23073.445312,21116.494141,5986.617188,
70,  70,  73895.875000,  2099.406250,  73895.875000,  0.200000,   0.000845,80, 5, 2, 0, 9, 4, 0, 73895.875000,100408.109375,97243.960938,95128.757812,6114.596191,14.000000,34.000000,28.500000,23.250000,4.592115,-10.000000,10.000000,4.500000,-0.750000,4.592113,0.000000,10.000000,4.500000,3.710000,2.808184,0.000000,58.223873,37.364323,42.489365,8.906798,0.000000,26512.234375,23348.085938,21232.886719,6114.410645,0.000000,26512.234375,23348.085938,21232.886719,6114.410645,
71,  71,  73895.875000,  2099.406250,  73895.875000,  0.220000,   0.000822,78, 4, 3, 0, 13, 2, 0, 73895.875000,100674.218750,99397.039062,95335.054688,6551.487305,15.000000,33.000000,25.500000,23.379999,4.239762,-9.000000,9.000000,1.500000,-0.620000,4.239764,0.000000,9.000000,3.500000,3.540000,2.414208,0.000000,63.539589,43.812843,42.133232,9.783696,0.000000,26778.343750,25501.164062,21439.177734,6551.401855,0.000000,26778.343750,25501.164062,21439.177734,6551.401855,
72,  72,  73895.875000,  2099.406250,  73895.875000,  0.270000,   0.000762,73, 4, 2, 0, 18, 3, 0, 73895.875000,100907.968750,99724.640625,96267.125000,5920.000000,16.000000,33.000000,31.000000,23.980000,4.086513,-8.000000,9.000000,7.000000,-0.020000,4.086514,0.000000,9.000000,7.000000,3.400000,2.267157,0.000000,63.110676,46.913788,41.128067,9.963495,0.000000,27012.093750,25828.765625,22371.255859,5919.978516,0.000000,27012.093750,25828.765625,22371.255859,5919.978516,
73,  73,  73895.875000,  2099.406250,  73895.875000,  0.210000,   0.000826,79, 2, 0, 0, 16, 3, 0, 73895.875000,100709.390625,99539.765625,96071.515625,6087.321777,14.000000,33.000000,23.500000,24.200001,3.994992,-10.000000,9.000000,-0.500000,0.200000,3.994997,0.000000,10.000000,0.500000,3.100000,2.527845,0.000000,65.686249,53.363197,43.706036,9.299022,0.000000,26813.515625,25643.890625,22175.646484,6087.169434,0.000000,26813.515625,25643.890625,22175.646484,6087.169434,
74,  74,  73895.875000,  2099.406250,  73895.875000,  0.200000,   0.000848,80, 2, 2, 0, 13, 3, 0, 73895.875000,100790.703125,99410.492188,94839.750000,6533.017578,16.000000,33.000000,19.500000,24.500000,3.734972,-8.000000,9.000000,-4.500000,0.500000,3.734970,0.000000,9.000000,4.500000,3.060000,2.199182,0.000000,63.361843,44.247322,42.899460,8.815159,0.000000,26894.828125,25514.617188,20943.869141,6533.076660,0.000000,26894.828125,25514.617188,20943.869141,6533.076660,
75,  75,  73895.875000,  2099.406250,  73895.875000,  0.210000,   0.000833,79, 2, 3, 0, 13, 3, 0, 73895.875000,100427.757812,98970.765625,95268.796875,6023.569824,15.000000,34.000000,23.500000,24.700001,3.887156,-9.000000,10.000000,-0.500000,0.700000,3.887158,0.000000,10.000000,1.500000,3.060000,2.497279,0.000000,68.337822,40.520512,42.588345,10.369398,0.000000,26531.882812,25074.890625,21372.919922,6023.646973,0.000000,26531.882812,25074.890625,21372.919922,6023.646973,
76,  76,  73895.875000,  2099.406250,  73895.875000,  0.180000,   0.000859,82, 4, 1, 0, 10, 3, 0, 73895.875000,100582.164062,99444.851562,95845.125000,5860.719238,14.000000,36.000000,27.500000,25.010000,4.184482,-10.000000,12.000000,3.500000,1.010000,4.184484,0.000000,12.000000,3.500000,3.390000,2.652904,0.000000,59.678497,55.741714,42.373394,9.812083,0.000000,26686.289062,25548.976562,21949.255859,5860.626465,0.000000,26686.289062,25548.976562,21949.255859,5860.626465,
77,  77,  73895.875000,  2099.406250,  73895.875000,  0.220000,   0.000822,78, 4, 1, 0, 14, 3, 0, 73895.875000,100646.546875,99323.625000,95348.226562,6312.035645,16.000000,37.000000,24.500000,25.219999,4.412673,-8.000000,13.000000,0.500000,1.220000,4.412663,0.000000,13.000000,2.500000,3.600000,2.828427,0.000000,60.800785,45.733765,41.445831,10.171923,0.000000,26750.671875,25427.750000,21452.339844,6312.192871,0.000000,26750.671875,25427.750000,21452.339844,6312.192871,
78,  78,  73895.875000,  2099.406250,  73895.875000,  0.230000,   0.000812,77, 7, 0, 0, 12, 4, 0, 73895.875000,100564.625000,99296.812500,95292.304688,6165.462402,15.000000,39.000000,24.500000,25.660000,4.398229,-9.000000,15.000000,0.500000,1.660000,4.398227,0.000000,15.000000,5.500000,3.660000,2.950322,0.000000,58.789951,46.214142,41.568291,9.002922,0.000000,26668.750000,25400.937500,21396.457031,6164.990234,0.000000,26668.750000,25400.937500,21396.457031,6164.990234,
79,  79,  73895.875000,  2099.406250,  73895.875000,  0.170000,   0.000876,83, 5, 0, 0, 10, 2, 0, 73895.875000,100479.203125,99164.734375,95157.648438,6257.697754,17.000000,37.000000,23.500000,25.870001,4.557748,-7.000000,13.000000,-0.500000,1.870000,4.557752,0.000000,13.000000,0.500000,4.030000,2.833566,0.000000,60.336281,40.272511,41.761444,9.647264,0.000000,26583.328125,25268.859375,21261.777344,6257.557129,0.000000,26583.328125,25268.859375,21261.777344,6257.557129,
80,  80,  73895.875000,  2099.406250,  73895.875000,  0.150000,   0.000899,85, 3, 0, 0, 9, 3, 0, 73895.875000,100684.437500,99074.109375,94953.156250,6231.460938,14.000000,38.000000,26.500000,26.629999,4.708838,-10.000000,14.000000,2.500000,2.630000,4.708832,0.000000,14.000000,2.500000,4.230000,3.346207,0.000000,60.420399,38.682690,40.771271,8.551016,0.000000,26788.562500,25178.234375,21057.283203,6231.414551,0.000000,26788.562500,25178.234375,21057.283203,6231.414551,
81,  81,  73895.875000,  2099.406250,  73895.875000,  0.150000,   0.000905,85, 1, 0, 0, 11, 3, 0, 73895.875000,100489.890625,98849.187500,94506.585938,6904.959473,15.000000,38.000000,23.000000,26.610001,5.168936,-9.000000,14.000000,-1.000000,2.610000,5.168936,0.000000,14.000000,5.000000,4.710000,3.368367,0.000000,62.492760,36.438622,39.860676,9.263801,0.000000,26594.015625,24953.312500,20610.708984,6905.044922,0.000000,26594.015625,24953.312500,20610.708984,6905.044922,
82,  82,  73895.875000,  2099.406250,  73895.875000,  0.140000,   0.000921,86, 1, 0, 0, 12, 1, 0, 73895.875000,100422.351562,95638.609375,93827.054688,6590.523926,13.000000,43.000000,26.500000,26.809999,5.392023,-11.000000,19.000000,2.500000,2.810000,5.392022,0.000000,19.000000,3.500000,4.730000,3.820615,0.000000,58.888657,39.865463,40.297974,8.389075,0.000000,26526.476562,21742.738281,19931.173828,6590.647949,0.000000,26526.476562,21742.738281,19931.173828,6590.647949,
83,  83,  73895.875000,  2099.406250,  73895.875000,  0.140000,   0.000916,86, 0, 0, 0, 12, 2, 0, 73895.875000,100310.625000,96709.812500,94340.671875,6124.134766,12.000000,38.000000,25.500000,26.580000,5.085626,-12.000000,14.000000,1.500000,2.580000,5.085627,0.000000,14.000000,1.500000,4.680000,3.258466,0.000000,60.909470,37.303493,39.827648,8.525911,0.000000,26414.750000,22813.941406,20444.792969,6124.304199,0.000000,26414.750000,22813.941406,20444.792969,6124.304199,
84,  84,  73895.875000,  2099.406250,  73895.875000,  0.190000,   0.000855,81, 1, 0, 0, 15, 3, 0, 73895.875000,100580.500000,97917.703125,95066.835938,5652.145996,13.000000,38.000000,24.500000,26.530001,4.895820,-11.000000,14.000000,0.500000,2.530000,4.895825,0.000000,14.000000,4.500000,4.490000,3.195294,0.000000,59.188759,34.492027,39.987991,8.099133,0.000000,26684.625000,24021.828125,21170.935547,5652.669434,0.000000,26684.625000,24021.828125,21170.935547,5652.669434,
85,  85,  73895.875000,  2099.406250,  73895.875000,  0.110000,   0.000969,89, 0, 0, 0, 8, 3, 0, 73895.875000,100563.078125,89914.437500,92260.164062,6124.259766,17.000000,40.000000,25.000000,27.559999,4.984620,-7.000000,16.000000,1.000000,3.560000,4.984616,0.000000,16.000000,3.000000,4.900000,3.675595,0.000000,58.679028,43.749538,38.169369,7.929437,0.000000,26667.203125,16018.562500,18364.294922,6123.951660,0.000000,26667.203125,16018.562500,18364.294922,6123.951660,
86,  86,  73895.875000,  2099.406250,  73895.875000,  0.200000,   0.000869,80, 1, 0, 0, 16, 3, 0, 73895.875000,100463.343750,91192.968750,92483.468750,5895.690430,17.000000,38.000000,28.500000,28.100000,4.672254,-7.000000,14.000000,4.500000,4.100000,4.672258,0.000000,14.000000,4.500000,5.080000,3.582402,0.000000,62.976974,35.126965,39.363369,9.054650,0.000000,26567.468750,17297.097656,18587.582031,5895.731445,0.000000,26567.468750,17297.097656,18587.582031,5895.731445,
87,  87,  73895.875000,  2099.406250,  73895.875000,  0.150000,   0.000920,85, 3, 1, 0, 8, 3, 0, 73895.875000,100401.562500,91029.390625,92743.796875,5906.666016,11.000000,43.000000,33.000000,27.950001,5.198795,-13.000000,19.000000,9.000000,3.950000,5.198798,0.000000,19.000000,9.000000,5.050000,4.138538,0.000000,57.684494,39.997787,40.182663,7.949763,0.000000,26505.687500,17133.515625,18847.941406,5906.219238,0.000000,26505.687500,17133.515625,18847.941406,5906.219238,
88,  88,  73895.875000,  2099.406250,  73895.875000,  0.190000,   0.000870,81, 1, 0, 0, 11, 7, 0, 73895.875000,100360.226562,93691.265625,93427.734375,5515.801270,18.000000,39.000000,27.500000,28.330000,4.705434,-6.000000,15.000000,3.500000,4.330000,4.705433,0.000000,15.000000,7.500000,5.350000,3.502499,0.000000,53.373524,44.720554,40.215988,8.440031,0.000000,26464.351562,19795.390625,19531.851562,5515.865234,0.000000,26464.351562,19795.390625,19531.851562,5515.865234,
89,  89,  73895.875000,  2099.406250,  73895.875000,  0.190000,   0.000884,81, 0, 0, 0, 14, 5, 0, 73895.875000,100730.859375,90691.812500,91987.546875,5910.998535,19.000000,39.000000,32.000000,28.920000,4.335156,-5.000000,15.000000,8.000000,4.920000,4.335159,0.000000,15.000000,8.000000,5.360000,3.777618,0.000000,61.544712,44.210953,39.313709,8.169253,0.000000,26834.984375,16795.937500,18091.671875,5910.944336,0.000000,26834.984375,16795.937500,18091.671875,5910.944336,
90,  90,  73895.875000,  2099.406250,  73895.875000,  0.230000,   0.000821,77, 1, 3, 0, 17, 2, 0, 73895.875000,100418.742188,95777.843750,94206.445312,5895.473633,21.000000,41.000000,28.500000,29.670000,4.345239,-3.000000,17.000000,4.500000,5.670000,4.345239,0.000000,17.000000,4.500000,5.970000,3.922895,0.000000,64.896439,44.425873,40.517456,7.980789,0.000000,26522.867188,21881.968750,20310.558594,5895.609375,0.000000,26522.867188,21881.968750,20310.558594,5895.609375,
91,  91,  73895.875000,  2099.406250,  73895.875000,  0.210000,   0.000863,79, 4, 2, 0, 13, 2, 0, 73895.875000,100310.625000,90876.929688,91975.984375,6069.801758,20.000000,44.000000,32.000000,29.299999,4.920374,-4.000000,20.000000,8.000000,5.300000,4.920365,0.000000,20.000000,8.000000,5.820000,4.292737,0.000000,58.993259,39.114033,39.954231,7.645345,0.000000,26414.750000,16981.054688,18080.117188,6069.604492,0.000000,26414.750000,16981.054688,18080.117188,6069.604492,
92,  92,  73895.875000,  2099.406250,  73895.875000,  0.180000,   0.000893,82, 6, 1, 0, 10, 1, 0, 73895.875000,100572.734375,92447.796875,92258.593750,6047.280273,18.000000,43.000000,28.000000,29.190001,5.390161,-6.000000,19.000000,4.000000,5.190000,5.390167,0.000000,19.000000,4.000000,5.930000,4.563453,0.000000,55.079765,50.997566,40.678818,8.140460,0.000000,26676.859375,18551.917969,18362.732422,6047.068848,0.000000,26676.859375,18551.917969,18362.732422,6047.068848,
93,  93,  73895.875000,  2099.406250,  73895.875000,  0.190000,   0.000883,81, 1, 3, 0, 14, 1, 0, 73895.875000,100655.484375,91679.156250,92139.195312,6052.950195,18.000000,42.000000,30.500000,29.559999,4.854524,-6.000000,18.000000,6.500000,5.560000,4.854524,0.000000,18.000000,6.500000,6.060000,4.213834,0.000000,59.556927,40.606651,40.652580,8.536020,0.000000,26759.609375,17783.281250,18243.328125,6053.019043,0.000000,26759.609375,17783.281250,18243.328125,6053.019043,
94,  94,  73895.875000,  2099.406250,  73895.875000,  0.210000,   0.000858,79, 4, 0, 0, 15, 2, 0, 73895.875000,100453.390625,90970.515625,92408.390625,5519.327637,18.000000,42.000000,33.500000,29.250000,5.292212,-6.000000,18.000000,9.500000,5.250000,5.292211,0.000000,18.000000,9.500000,6.110000,4.270586,0.000000,60.080231,36.900211,40.198990,8.544454,0.000000,26557.515625,17074.640625,18512.511719,5519.243652,0.000000,26557.515625,17074.640625,18512.511719,5519.243652,
95,  95,  73895.875000,  2099.406250,  73895.875000,  0.230000,   0.000839,77, 3, 1, 0, 17, 2, 0, 73895.875000,100351.921875,90325.937500,92199.703125,5931.362305,19.000000,45.000000,25.000000,28.709999,4.708073,-5.000000,21.000000,1.000000,4.710000,4.708067,0.000000,21.000000,3.000000,5.390000,3.911253,0.000000,61.075203,30.487534,39.441998,9.202422,0.000000,26456.046875,16430.062500,18303.832031,5931.203125,0.000000,26456.046875,16430.062500,18303.832031,5931.203125,
96,  96,  73895.875000,  2099.406250,  73895.875000,  0.230000,   0.000829,77, 4, 0, 0, 17, 2, 0, 73895.875000,100505.343750,92866.859375,93242.328125,5876.771973,16.000000,40.000000,32.500000,28.590000,4.530105,-8.000000,16.000000,8.500000,4.590000,4.530110,0.000000,16.000000,8.500000,5.290000,3.688618,0.000000,68.108185,31.159241,40.325623,9.170204,0.000000,26609.468750,18970.984375,19346.433594,5877.101562,0.000000,26609.468750,18970.984375,19346.433594,5877.101562,
97,  97,  73895.875000,  2099.406250,  73895.875000,  0.170000,   0.000902,83, 1, 1, 0, 14, 1, 0, 73895.875000,100663.359375,90631.265625,92379.046875,5726.480469,18.000000,41.000000,29.000000,29.129999,4.672600,-6.000000,17.000000,5.000000,5.130000,4.672590,0.000000,17.000000,5.000000,5.850000,3.731957,0.000000,63.998489,46.413986,40.678318,9.273138,0.000000,26767.484375,16735.390625,18483.158203,5726.787598,0.000000,26767.484375,16735.390625,18483.158203,5726.787598,
98,  98,  73895.875000,  2099.406250,  73895.875000,  0.170000,   0.000897,83, 1, 3, 0, 13, 0, 0, 73895.875000,100669.515625,90048.203125,92926.195312,6048.931152,18.000000,39.000000,29.500000,29.129999,4.537973,-6.000000,15.000000,5.500000,5.130000,4.537962,0.000000,15.000000,5.500000,5.670000,3.842018,0.000000,62.690166,43.467110,41.224174,9.076034,0.000000,26773.640625,16152.328125,19030.328125,6049.034180,0.000000,26773.640625,16152.328125,19030.328125,6049.034180,
99,  99,  73895.875000,  2099.406250,  73895.875000,  0.200000,   0.000857,80, 0, 1, 0, 17, 2, 0, 73895.875000,100644.835938,93489.148438,93779.171875,6181.883301,17.000000,40.000000,25.500000,29.270000,5.053425,-7.000000,16.000000,1.500000,5.270000,5.053425,0.000000,16.000000,2.500000,6.210000,3.840039,0.000000,57.293118,38.512070,41.039345,7.453682,0.000000,26748.960938,19593.273438,19883.306641,6181.740723,0.000000,26748.960938,19593.273438,19883.306641,6181.740723,
100,  100,  73895.875000,  2099.406250,  73895.875000,  0.100000,   0.000964,90, 2, 0, 0, 7, 1, 0, 73895.875000,100644.835938,93170.984375,93811.796875,6058.572754,19.000000,41.000000,27.000000,29.590000,5.014171,-5.000000,17.000000,3.000000,5.590000,5.014170,0.000000,17.000000,8.000000,6.190000,4.251341,0.000000,66.026062,45.658096,40.226006,8.378687,0.000000,26748.960938,19275.109375,19915.935547,6058.585938,0.000000,26748.960938,19275.109375,19915.935547,6058.585938,
101,  101,  73895.875000,  2099.406250,  73895.875000,  0.170000,   0.000896,83, 4, 0, 0, 10, 3, 0, 73895.875000,100769.765625,92225.203125,93086.531250,6079.663086,18.000000,42.000000,24.000000,28.740000,5.266152,-6.000000,18.000000,0.000000,4.740000,5.266156,0.000000,18.000000,1.000000,5.660000,4.261971,0.000000,67.132370,47.218678,39.640739,8.424375,0.000000,26873.890625,18329.328125,19190.656250,6079.663086,0.000000,26873.890625,18329.328125,19190.656250,6079.663086,
102,  102,  73895.875000,  2099.406250,  73895.875000,  0.190000,   0.000879,81, 3, 0, 0, 11, 5, 0, 73895.875000,100823.531250,90810.898438,92651.039062,6710.660156,16.000000,39.000000,25.000000,28.450001,4.644076,-8.000000,15.000000,1.000000,4.450000,4.644083,0.000000,15.000000,1.000000,5.390000,3.509686,0.000000,63.860874,33.575787,39.877808,8.840706,0.000000,26927.656250,16915.023438,18755.173828,6710.514648,0.000000,26927.656250,16915.023438,18755.173828,6710.514648,
103,  103,  73895.875000,  2099.406250,  73895.875000,  0.270000,   0.000792,73, 4, 2, 0, 18, 3, 0, 73895.875000,100495.812500,90915.882812,92607.437500,6420.965820,19.000000,37.000000,32.500000,28.010000,4.148482,-5.000000,13.000000,8.500000,4.010000,4.148482,0.000000,13.000000,8.500000,4.790000,3.216505,0.000000,57.517677,33.619579,40.384033,8.397918,0.000000,26599.937500,17020.007812,18711.554688,6421.187500,0.000000,26599.937500,17020.007812,18711.554688,6421.187500,
104,  104,  73895.875000,  2099.406250,  73895.875000,  0.230000,   0.000823,77, 2, 0, 0, 19, 2, 0, 73895.875000,100672.140625,98833.500000,93974.460938,6446.074219,17.000000,40.000000,26.500000,27.430000,4.576578,-7.000000,16.000000,2.500000,3.430000,4.576581,0.000000,16.000000,2.500000,4.710000,3.244364,0.000000,60.178440,41.995636,42.328480,8.682792,0.000000,26776.265625,24937.625000,20078.582031,6446.198242,0.000000,26776.265625,24937.625000,20078.582031,6446.198242,
105,  105,  73895.875000,  2099.406250,  73895.875000,  0.220000,   0.000834,78, 5, 0, 0, 15, 2, 0, 73895.875000,100919.468750,95494.984375,94043.164062,6434.706055,18.000000,36.000000,27.500000,27.299999,4.210706,-6.000000,12.000000,3.500000,3.300000,4.210701,0.000000,12.000000,6.500000,4.300000,3.182766,0.000000,56.866852,40.708000,41.817993,8.885791,0.000000,27023.593750,21599.109375,20147.312500,6434.305664,0.000000,27023.593750,21599.109375,20147.312500,6434.305664,
106,  106,  73895.875000,  2099.406250,  73895.875000,  0.220000,   0.000852,78, 3, 0, 0, 16, 3, 0, 73895.875000,100583.429688,91186.851562,92043.695312,6517.363770,20.000000,41.000000,28.000000,27.150000,3.995939,-4.000000,17.000000,4.000000,3.150000,3.995935,0.000000,17.000000,4.000000,3.990000,3.157515,0.000000,59.295364,43.140305,41.739494,9.177004,0.000000,26687.554688,17290.976562,18147.812500,6517.565430,0.000000,26687.554688,17290.976562,18147.812500,6517.565430,
107,  107,  73895.875000,  2099.406250,  73895.875000,  0.230000,   0.000841,77, 2, 1, 0, 19, 1, 0, 73895.875000,100613.468750,89934.054688,92055.632812,6499.073242,17.000000,40.000000,27.500000,27.100000,4.134001,-7.000000,16.000000,3.500000,3.100000,4.134006,0.000000,16.000000,3.500000,4.060000,3.196311,0.000000,56.802486,34.110710,40.173531,8.755488,0.000000,26717.593750,16038.179688,18159.769531,6499.021484,0.000000,26717.593750,16038.179688,18159.769531,6499.021484,
108,  108,  73895.875000,  2099.406250,  73895.875000,  0.150000,   0.000920,85, 0, 0, 0, 13, 2, 0, 73895.875000,100544.765625,93497.265625,92848.570312,6516.145996,17.000000,40.000000,24.000000,26.610001,4.586709,-7.000000,16.000000,0.000000,2.610000,4.586709,0.000000,16.000000,1.000000,4.090000,3.334951,0.000000,53.965759,31.997871,40.098732,8.069106,0.000000,26648.890625,19601.390625,18952.705078,6515.979004,0.000000,26648.890625,19601.390625,18952.705078,6515.979004,
109,  109,  73895.875000,  2099.406250,  73895.875000,  0.200000,   0.000870,80, 2, 0, 0, 16, 2, 0, 73895.875000,100563.914062,91367.679688,92325.257812,6177.077637,18.000000,41.000000,26.000000,27.620001,4.449217,-6.000000,17.000000,2.000000,3.620000,4.449225,0.000000,17.000000,2.000000,4.500000,3.556684,0.000000,52.801769,31.742249,40.132637,8.085526,0.000000,26668.039062,17471.804688,18429.382812,6177.051758,0.000000,26668.039062,17471.804688,18429.382812,6177.051758,
110,  110,  73895.875000,  2099.406250,  73895.875000,  0.240000,   0.000826,76, 2, 0, 0, 18, 4, 0, 73895.875000,100551.156250,91203.640625,92347.023438,5880.473633,17.000000,38.000000,26.500000,27.160000,4.670588,-7.000000,14.000000,2.500000,3.160000,4.670589,0.000000,14.000000,2.500000,4.480000,3.424850,0.000000,62.228855,48.341682,40.267021,9.255778,0.000000,26655.281250,17307.761719,18451.144531,5880.538574,0.000000,26655.281250,17307.761719,18451.144531,5880.538574,
111,  111,  73895.875000,  2099.406250,  73895.875000,  0.270000,   0.000803,73, 1, 0, 0, 22, 4, 0, 73895.875000,100669.312500,89633.671875,91308.812500,6190.077148,19.000000,39.000000,28.500000,27.629999,3.996642,-5.000000,15.000000,4.500000,3.630000,3.996636,0.000000,15.000000,4.500000,4.150000,3.453621,0.000000,60.115303,42.749989,40.893028,8.306683,0.000000,26773.437500,15737.796875,17412.945312,6190.012695,0.000000,26773.437500,15737.796875,17412.945312,6190.012695,
112,  112,  73895.875000,  2099.406250,  73895.875000,  0.150000,   0.000940,85, 2, 1, 0, 9, 3, 0, 73895.875000,100413.796875,89576.984375,90821.593750,5865.609375,18.000000,40.000000,27.000000,27.910000,4.820990,-6.000000,16.000000,3.000000,3.910000,4.820985,0.000000,16.000000,3.000000,4.710000,4.043006,0.000000,51.062019,30.291229,40.309872,7.376564,0.000000,26517.921875,15681.109375,16925.724609,5865.552246,0.000000,26517.921875,15681.109375,16925.724609,5865.552246,
113,  113,  73895.875000,  2099.406250,  73895.875000,  0.200000,   0.000882,80, 1, 2, 0, 13, 4, 0, 73895.875000,100655.718750,89853.703125,91053.242188,5844.973145,19.000000,42.000000,29.000000,28.580000,4.785767,-5.000000,18.000000,5.000000,4.580000,4.785771,0.000000,18.000000,7.000000,5.320000,3.946847,0.000000,63.230457,39.741417,40.416267,8.303250,0.000000,26759.843750,15957.828125,17157.384766,5844.581543,0.000000,26759.843750,15957.828125,17157.384766,5844.581543,
114,  114,  73895.875000,  2099.406250,  73895.875000,  0.250000,   0.000841,75, 0, 2, 0, 20, 3, 0, 73895.875000,100466.031250,88873.007812,89524.929688,5909.785645,20.000000,39.000000,27.000000,27.940001,4.638573,-4.000000,15.000000,3.000000,3.940000,4.638577,0.000000,15.000000,4.000000,4.960000,3.526812,0.000000,56.463100,38.985203,40.959473,8.473044,0.000000,26570.156250,14977.132812,15629.046875,5909.855957,0.000000,26570.156250,14977.132812,15629.046875,5909.855957,
115,  115,  73895.875000,  2099.406250,  73895.875000,  0.240000,   0.000833,76, 0, 0, 0, 20, 4, 0, 73895.875000,100585.812500,89427.070312,91598.000000,6111.581055,16.000000,39.000000,38.500000,28.160000,4.610249,-8.000000,15.000000,14.500000,4.160000,4.610250,0.000000,15.000000,14.500000,4.980000,3.709394,0.000000,58.641457,39.166580,41.423695,8.556096,0.000000,26689.937500,15531.195312,17702.119141,6111.531250,0.000000,26689.937500,15531.195312,17702.119141,6111.531250,
116,  116,  73895.875000,  2099.406250,  73895.875000,  0.210000,   0.000867,79, 1, 0, 0, 16, 4, 0, 73895.875000,100511.031250,89583.867188,91455.539062,5553.636719,17.000000,40.000000,28.000000,27.350000,4.297379,-7.000000,16.000000,4.000000,3.350000,4.297383,0.000000,16.000000,4.000000,4.290000,3.359449,0.000000,62.896385,33.193123,42.296188,8.431516,0.000000,26615.156250,15687.992188,17559.662109,5553.659668,0.000000,26615.156250,15687.992188,17559.662109,5553.659668,
117,  117,  73895.875000,  2099.406250,  73895.875000,  0.200000,   0.000878,80, 0, 0, 0, 13, 7, 0, 73895.875000,100655.484375,89497.039062,91425.875000,5730.770508,19.000000,39.000000,24.500000,26.440001,4.405266,-5.000000,15.000000,0.500000,2.440000,4.405270,0.000000,15.000000,2.500000,3.820000,3.281402,0.000000,57.669495,39.536205,42.566158,8.665693,0.000000,26759.609375,15601.164062,17529.992188,5730.823242,0.000000,26759.609375,15601.164062,17529.992188,5730.823242,
118,  118,  73895.875000,  2099.406250,  73895.875000,  0.220000,   0.000860,78, 1, 0, 0, 19, 2, 0, 73895.875000,100584.890625,88911.531250,91229.226562,6662.497070,18.000000,40.000000,33.000000,26.200001,4.536514,-6.000000,16.000000,9.000000,2.200000,4.536519,0.000000,16.000000,9.000000,3.860000,3.243517,0.000000,65.383209,32.107094,41.270988,9.460618,0.000000,26689.015625,15015.660156,17333.343750,6662.566406,0.000000,26689.015625,15015.660156,17333.343750,6662.566406,
119,  119,  73895.875000,  2099.406250,  73895.875000,  0.210000,   0.000877,79, 1, 1, 0, 17, 2, 0, 73895.875000,100555.968750,88928.015625,90426.812500,6029.346680,13.000000,41.000000,21.000000,26.590000,5.184770,-11.000000,17.000000,-3.000000,2.590000,5.184776,0.000000,17.000000,3.000000,4.590000,3.538630,0.000000,58.531410,49.737152,40.980911,9.542124,0.000000,26660.093750,15032.140625,16530.947266,6029.065430,0.000000,26660.093750,15032.140625,16530.947266,6029.065430,
120,  120,  73895.875000,  2099.406250,  73895.875000,  0.230000,   0.000873,77, 1, 0, 0, 20, 2, 0, 73895.875000,100339.343750,88280.460938,88521.164062,5269.468262,14.000000,44.000000,26.000000,26.740000,4.792954,-10.000000,20.000000,2.000000,2.740000,4.792953,0.000000,20.000000,10.000000,4.100000,3.697296,0.000000,61.235104,52.196507,41.077518,8.991621,0.000000,26443.468750,14384.585938,14625.274414,5269.832520,0.000000,26443.468750,14384.585938,14625.274414,5269.832520,
121,  121,  73895.875000,  2099.406250,  73895.875000,  0.180000,   0.000930,82, 1, 0, 0, 15, 2, 0, 73895.875000,100131.820312,88417.960938,88538.664062,5532.900879,14.000000,41.000000,24.000000,26.920000,5.319171,-10.000000,17.000000,0.000000,2.920000,5.319173,0.000000,17.000000,3.000000,4.720000,3.813345,0.000000,58.784725,36.392403,41.370567,9.222642,0.000000,26235.945312,14522.085938,14642.786133,5532.993164,0.000000,26235.945312,14522.085938,14642.786133,5532.993164,
122,  122,  73895.875000,  2099.406250,  73895.875000,  0.210000,   0.000892,79, 0, 0, 0, 18, 3, 0, 73895.875000,100375.500000,88349.265625,89031.257812,6178.155273,16.000000,40.000000,34.000000,26.650000,4.916049,-8.000000,16.000000,10.000000,2.650000,4.916045,0.000000,16.000000,10.000000,4.530000,3.266359,0.000000,59.653225,35.935371,41.970222,9.455268,0.000000,26479.625000,14453.390625,15135.400391,6177.786133,0.000000,26479.625000,14453.390625,15135.400391,6177.786133,
123,  123,  73895.875000,  2099.406250,  73895.875000,  0.210000,   0.000892,79, 1, 0, 0, 15, 5, 0, 73895.875000,100414.031250,88147.937500,88979.976562,5854.644531,13.000000,39.000000,32.000000,26.080000,4.844960,-11.000000,15.000000,8.000000,2.080000,4.844956,0.000000,15.000000,8.000000,4.080000,3.339701,0.000000,65.447914,41.676872,40.213371,9.122639,0.000000,26518.156250,14252.062500,15084.089844,5854.901367,0.000000,26518.156250,14252.062500,15084.089844,5854.901367,
124,  124,  73895.875000,  2099.406250,  73895.875000,  0.250000,   0.000843,75, 2, 0, 0, 19, 4, 0, 73895.875000,100506.015625,88347.031250,89390.242188,5897.080078,18.000000,40.000000,24.000000,26.240000,4.501377,-6.000000,16.000000,0.000000,2.240000,4.501378,0.000000,16.000000,4.000000,3.900000,3.173326,0.000000,64.382362,41.359138,41.288052,8.960035,0.000000,26610.140625,14451.156250,15494.358398,5897.123535,0.000000,26610.140625,14451.156250,15494.358398,5897.123535,
125,  125,  73895.875000,  2099.406250,  73895.875000,  0.270000,   0.000810,73, 2, 1, 0, 19, 5, 0, 73895.875000,100420.109375,88537.421875,90477.828125,5989.516113,17.000000,39.000000,28.000000,26.530001,4.988892,-7.000000,15.000000,4.000000,2.530000,4.988898,0.000000,15.000000,4.000000,4.490000,3.336151,0.000000,65.029945,50.763309,42.780514,9.728216,0.000000,26524.234375,14641.546875,16581.947266,5989.639160,0.000000,26524.234375,14641.546875,16581.947266,5989.639160,
126,  126,  73895.875000,  2099.406250,  73895.875000,  0.260000,   0.000826,74, 0, 3, 0, 17, 6, 0, 73895.875000,100581.796875,88202.718750,89917.375000,5876.815430,17.000000,37.000000,25.000000,26.920000,4.410625,-7.000000,13.000000,1.000000,2.920000,4.410624,0.000000,13.000000,3.000000,4.100000,3.342155,0.000000,66.764336,50.618805,41.839252,9.421448,0.000000,26685.921875,14306.847656,16021.486328,5877.003418,0.000000,26685.921875,14306.847656,16021.486328,5877.003418,
127,  127,  73895.875000,  2099.406250,  73895.875000,  0.250000,   0.000840,75, 1, 0, 0, 19, 5, 0, 73895.875000,100497.039062,88149.750000,89689.312500,6336.605957,17.000000,36.000000,25.500000,26.129999,4.001640,-7.000000,12.000000,1.500000,2.130000,4.001637,0.000000,12.000000,2.500000,3.470000,2.917036,0.000000,64.499527,38.480556,41.040768,9.706923,0.000000,26601.164062,14253.875000,15793.448242,6336.460938,0.000000,26601.164062,14253.875000,15793.448242,6336.460938,
128,  128,  73895.875000,  2099.406250,  73895.875000,  0.290000,   0.000793,71, 2, 0, 0, 19, 8, 0, 73895.875000,100506.890625,88063.218750,90042.320312,6768.396973,15.000000,38.000000,32.500000,26.850000,4.846383,-9.000000,14.000000,8.500000,2.850000,4.846391,0.000000,14.000000,8.500000,4.410000,3.487392,0.000000,63.505909,56.070911,41.968273,10.087423,0.000000,26611.015625,14167.343750,16146.451172,6768.303711,0.000000,26611.015625,14167.343750,16146.451172,6768.303711,
129,  129,  73895.875000,  2099.406250,  73895.875000,  0.280000,   0.000811,72, 7, 2, 0, 15, 4, 0, 73895.875000,100330.554688,88185.484375,89224.867188,6023.484863,16.000000,39.000000,32.500000,27.080000,5.116013,-8.000000,15.000000,8.500000,3.080000,5.116014,0.000000,15.000000,8.500000,4.640000,3.759043,0.000000,68.876907,29.085695,41.406879,10.548194,0.000000,26434.679688,14289.609375,15328.970703,6023.800781,0.000000,26434.679688,14289.609375,15328.970703,6023.800781,
130,  130,  73895.875000,  2099.406250,  73895.875000,  0.270000,   0.000821,73, 5, 1, 0, 15, 6, 0, 73895.875000,100286.031250,88032.804688,89365.828125,6151.703613,17.000000,38.000000,28.000000,26.330000,4.831259,-7.000000,14.000000,4.000000,2.330000,4.831263,0.000000,14.000000,4.000000,4.310000,3.192789,0.000000,60.641384,42.652607,40.881950,9.808580,0.000000,26390.156250,14136.929688,15469.947266,6151.698242,0.000000,26390.156250,14136.929688,15469.947266,6151.698242,
131,  131,  73895.875000,  2099.406250,  73895.875000,  0.230000,   0.000861,77, 5, 0, 0, 11, 7, 0, 73895.875000,100419.125000,87772.265625,89879.406250,6451.274414,16.000000,37.000000,24.000000,25.590000,4.386564,-8.000000,13.000000,0.000000,1.590000,4.386559,0.000000,13.000000,2.000000,3.670000,2.881163,0.000000,60.713135,48.666515,42.051708,8.891559,0.000000,26523.250000,13876.390625,15983.561523,6450.805664,0.000000,26523.250000,13876.390625,15983.561523,6450.805664,
132,  132,  73895.875000,  2099.406250,  73895.875000,  0.290000,   0.000794,71, 6, 1, 0, 16, 6, 0, 73895.875000,100148.539062,87772.265625,89783.851562,5792.309570,16.000000,40.000000,35.000000,26.480000,4.763364,-8.000000,16.000000,11.000000,2.480000,4.763360,0.000000,16.000000,11.000000,4.280000,3.243701,0.000000,62.671986,48.323639,41.996395,9.242528,0.000000,26252.664062,13876.390625,15887.991211,5791.954590,0.000000,26252.664062,13876.390625,15887.991211,5791.954590,
133,  133,  73895.875000,  2099.406250,  73895.875000,  0.340000,   0.000742,66, 7, 1, 0, 21, 5, 0, 73895.875000,100461.140625,87708.953125,89295.125000,5761.466309,16.000000,37.000000,32.500000,27.100000,4.535410,-8.000000,13.000000,8.500000,3.100000,4.535416,0.000000,13.000000,8.500000,4.340000,3.368145,0.000000,65.081131,50.549950,42.210823,8.988667,0.000000,26565.265625,13813.074219,15399.255859,5761.405273,0.000000,26565.265625,13813.074219,15399.255859,5761.405273,
134,  134,  73895.875000,  2099.406250,  73895.875000,  0.360000,   0.000713,64, 6, 1, 0, 19, 10, 0, 73895.875000,100324.031250,88609.937500,90153.351562,5953.892090,17.000000,42.000000,24.000000,27.629999,4.765830,-7.000000,18.000000,0.000000,3.630000,4.765826,0.000000,18.000000,3.000000,4.650000,3.777234,0.000000,67.031425,47.542702,41.968338,8.866248,0.000000,26428.156250,14714.058594,16257.482422,5953.892090,0.000000,26428.156250,14714.058594,16257.482422,5953.892090,
135,  135,  73895.875000,  2099.406250,  73895.875000,  0.420000,   0.000654,58, 7, 3, 0, 20, 12, 0, 73895.875000,100468.710938,87227.546875,89069.250000,5983.144531,18.000000,43.000000,28.000000,27.350000,5.227567,-6.000000,19.000000,4.000000,3.350000,5.227571,0.000000,19.000000,7.000000,4.750000,3.998437,0.000000,67.562500,47.196892,42.511131,10.275092,0.000000,26572.835938,13331.671875,15173.365234,5983.271484,0.000000,26572.835938,13331.671875,15173.365234,5983.271484,
136,  136,  73895.875000,  2099.406250,  73895.875000,  0.360000,   0.000714,64, 12, 2, 0, 16, 6, 0, 73895.875000,100238.359375,88083.859375,90094.468750,6258.025391,19.000000,45.000000,34.000000,27.590000,4.884862,-5.000000,21.000000,10.000000,3.590000,4.884864,0.000000,21.000000,10.000000,4.630000,3.913195,0.000000,59.567009,48.761078,40.805141,9.508137,0.000000,26342.484375,14187.988281,16198.578125,6258.297363,0.000000,26342.484375,14187.988281,16198.578125,6258.297363,
137,  137,  73895.875000,  2099.406250,  73895.875000,  0.320000,   0.000756,68, 10, 1, 0, 12, 9, 0, 73895.875000,100451.625000,88485.500000,90440.625000,6364.662598,18.000000,49.000000,33.500000,28.030001,5.575761,-6.000000,25.000000,9.500000,4.030000,5.575760,0.000000,25.000000,9.500000,5.150000,4.561524,0.000000,62.110313,40.893440,42.776936,9.959108,0.000000,26555.750000,14589.621094,16544.765625,6364.338379,0.000000,26555.750000,14589.621094,16544.765625,6364.338379,
138,  138,  73895.875000,  2099.406250,  73895.875000,  0.300000,   0.000781,70, 4, 2, 0, 19, 5, 0, 73895.875000,100427.234375,87636.507812,90062.625000,6679.573730,15.000000,45.000000,34.000000,27.969999,5.740136,-9.000000,21.000000,10.000000,3.970000,5.740130,0.000000,21.000000,10.000000,5.370000,4.457925,0.000000,62.864536,41.683578,43.569424,9.882859,0.000000,26531.359375,13740.632812,16166.762695,6679.367676,0.000000,26531.359375,13740.632812,16166.762695,6679.367676,
139,  139,  73895.875000,  2099.406250,  73895.875000,  0.300000,   0.000770,70, 8, 3, 0, 13, 6, 0, 73895.875000,100340.015625,89461.648438,91314.289062,6450.004883,18.000000,41.000000,26.000000,28.170000,5.372252,-6.000000,17.000000,2.000000,4.170000,5.372253,0.000000,17.000000,3.000000,5.370000,4.172901,0.000000,61.508217,46.351418,44.417175,9.701577,0.000000,26444.140625,15565.773438,17418.400391,6450.217773,0.000000,26444.140625,15565.773438,17418.400391,6450.217773,
140,  140,  73895.875000,  2099.406250,  73895.875000,  0.310000,   0.000765,69, 8, 3, 0, 15, 5, 0, 73895.875000,100464.078125,88072.421875,90688.976562,6755.714844,17.000000,43.000000,27.000000,27.959999,5.362694,-7.000000,19.000000,3.000000,3.960000,5.362686,0.000000,19.000000,4.000000,5.040000,4.363301,0.000000,62.155727,48.042915,44.086216,8.942443,0.000000,26568.203125,14176.546875,16793.109375,6755.537109,0.000000,26568.203125,14176.546875,16793.109375,6755.537109,
141,  141,  73895.875000,  2099.406250,  73895.875000,  0.300000,   0.000773,70, 9, 1, 0, 12, 8, 0, 73895.875000,100527.070312,89186.812500,91064.078125,7148.222656,19.000000,46.000000,21.500000,27.900000,5.479966,-5.000000,22.000000,-2.500000,3.900000,5.479964,0.000000,22.000000,2.500000,5.220000,4.241651,0.000000,63.137283,46.485435,44.407986,8.966688,0.000000,26631.195312,15290.937500,17168.210938,7147.983398,0.000000,26631.195312,15290.937500,17168.210938,7147.983398,
142,  142,  73895.875000,  2099.406250,  73895.875000,  0.320000,   0.000753,68, 9, 2, 0, 12, 9, 0, 73895.875000,100466.046875,89264.609375,90776.500000,6459.245605,15.000000,45.000000,25.500000,27.900000,5.923684,-9.000000,21.000000,1.500000,3.900000,5.923681,0.000000,21.000000,1.500000,5.540000,4.428137,0.000000,62.967781,39.873085,44.295483,9.149248,0.000000,26570.171875,15368.730469,16880.607422,6459.545410,0.000000,26570.171875,15368.730469,16880.607422,6459.545410,
143,  143,  73895.875000,  2099.406250,  73895.875000,  0.410000,   0.000644,59, 7, 1, 0, 24, 9, 0, 73895.875000,100561.664062,90135.531250,92223.343750,7048.721680,16.000000,41.000000,28.500000,27.879999,5.368950,-8.000000,17.000000,4.500000,3.880000,5.368948,0.000000,17.000000,5.500000,5.360000,3.892351,0.000000,64.818108,35.961945,43.605549,9.684929,0.000000,26665.789062,16239.656250,18327.458984,7048.898926,0.000000,26665.789062,16239.656250,18327.458984,7048.898926,
144,  144,  73895.875000,  2099.406250,  73895.875000,  0.400000,   0.000653,60, 8, 1, 0, 19, 12, 0, 73895.875000,100302.390625,91351.101562,92469.679688,6888.775879,15.000000,45.000000,26.000000,27.590000,5.409421,-9.000000,21.000000,2.000000,3.590000,5.409427,0.000000,21.000000,2.000000,5.090000,4.030124,0.000000,58.010094,34.004505,43.525150,8.917920,0.000000,26406.515625,17455.226562,18573.800781,6888.815430,0.000000,26406.515625,17455.226562,18573.800781,6888.815430,
145,  145,  73895.875000,  2099.406250,  73895.875000,  0.330000,   0.000731,67, 9, 0, 0, 20, 4, 0, 73895.875000,100549.179688,91217.828125,92179.546875,7014.280273,14.000000,41.000000,23.000000,27.459999,5.552336,-10.000000,17.000000,-1.000000,3.460000,5.552333,0.000000,17.000000,3.000000,5.200000,3.969887,0.000000,58.680893,41.747284,44.006702,9.011637,0.000000,26653.304688,17321.953125,18283.664062,7014.387695,0.000000,26653.304688,17321.953125,18283.664062,7014.387695,
146,  146,  73895.875000,  2099.406250,  73895.875000,  0.380000,   0.000676,62, 9, 4, 0, 21, 4, 0, 73895.875000,100522.843750,91098.343750,92257.484375,6948.385742,16.000000,45.000000,26.500000,26.350000,5.528789,-8.000000,21.000000,2.500000,2.350000,5.528789,0.000000,21.000000,2.500000,4.610000,3.851999,0.000000,60.429554,46.755852,41.683681,9.294196,0.000000,26626.968750,17202.468750,18361.626953,6948.231445,0.000000,26626.968750,17202.468750,18361.626953,6948.231445,
147,  147,  73895.875000,  2099.406250,  73895.875000,  0.400000,   0.000651,60, 8, 3, 0, 22, 7, 0, 73895.875000,100571.703125,90684.476562,92541.367188,6337.858398,15.000000,43.000000,22.500000,26.889999,5.069313,-9.000000,19.000000,-1.500000,2.890000,5.069310,0.000000,19.000000,3.500000,4.530000,3.678192,0.000000,55.930939,43.992504,42.254166,9.020918,0.000000,26675.828125,16788.601562,18645.480469,6338.103027,0.000000,26675.828125,16788.601562,18645.480469,6338.103027,
148,  148,  73895.875000,  2099.406250,  73895.875000,  0.400000,   0.000653,60, 12, 1, 0, 21, 6, 0, 73895.875000,100503.617188,92514.117188,92439.148438,7039.272461,16.000000,44.000000,30.000000,26.809999,5.031299,-8.000000,20.000000,6.000000,2.810000,5.031292,0.000000,20.000000,6.000000,4.450000,3.661625,0.000000,63.918209,45.646973,41.931969,9.009022,0.000000,26607.742188,18618.242188,18543.275391,7039.266113,0.000000,26607.742188,18618.242188,18543.275391,7039.266113,
149,  149,  73895.875000,  2099.406250,  73895.875000,  0.390000,   0.000659,61, 4, 2, 0, 26, 7, 0, 73895.875000,100549.875000,96393.632812,93138.742188,7337.007324,18.000000,37.000000,26.500000,27.400000,4.774940,-6.000000,13.000000,2.500000,3.400000,4.774934,0.000000,13.000000,2.500000,4.860000,3.277255,0.000000,57.344753,43.049961,43.785015,8.716278,0.000000,26654.000000,22497.757812,19242.861328,7337.158203,0.000000,26654.000000,22497.757812,19242.861328,7337.158203,
150,  150,  73895.875000,  2099.406250,  73895.875000,  0.360000,   0.000695,64, 9, 3, 0, 22, 2, 0, 73895.875000,100584.250000,89372.906250,92588.046875,6577.187012,16.000000,42.000000,25.500000,26.969999,5.244917,-8.000000,18.000000,1.500000,2.970000,5.244912,0.000000,18.000000,1.500000,4.890000,3.523905,0.000000,61.476826,42.650848,43.877739,8.788080,0.000000,26688.375000,15477.035156,18692.222656,6576.542480,0.000000,26688.375000,15477.035156,18692.222656,6576.542480,
151,  151,  73895.875000,  2099.406250,  73895.875000,  0.440000,   0.000606,56, 10, 3, 0, 28, 3, 0, 73895.875000,100696.031250,90731.125000,92844.460938,6550.236816,13.000000,40.000000,26.500000,26.940001,5.460440,-11.000000,16.000000,2.500000,2.940000,5.460439,0.000000,16.000000,2.500000,4.800000,3.926831,0.000000,58.484661,41.096191,42.293732,8.477560,0.000000,26800.156250,16835.250000,18948.587891,6550.163574,0.000000,26800.156250,16835.250000,18948.587891,6550.163574,
152,  152,  73895.875000,  2099.406250,  73895.875000,  0.390000,   0.000671,61, 5, 2, 0, 27, 5, 0, 73895.875000,100269.625000,89300.546875,91258.226562,6138.122070,18.000000,38.000000,24.000000,26.750000,4.914013,-6.000000,14.000000,0.000000,2.750000,4.914011,0.000000,14.000000,4.000000,4.430000,3.476363,0.000000,63.557648,33.272636,43.033989,9.723836,0.000000,26373.750000,15404.671875,17362.373047,6137.772949,0.000000,26373.750000,15404.671875,17362.373047,6137.772949,
153,  153,  73895.875000,  2099.406250,  73895.875000,  0.400000,   0.000662,60, 4, 1, 0, 28, 7, 0, 73895.875000,100760.679688,88313.375000,91161.148438,6630.064941,14.000000,40.000000,20.000000,26.280001,5.603709,-10.000000,16.000000,-4.000000,2.280000,5.603713,0.000000,16.000000,4.000000,4.900000,3.548239,0.000000,59.503971,39.703690,44.253128,8.934789,0.000000,26864.804688,14417.503906,17265.259766,6630.241211,0.000000,26864.804688,14417.503906,17265.259766,6630.241211,
154,  154,  73895.875000,  2099.406250,  73895.875000,  0.400000,   0.000657,60, 10, 1, 0, 24, 5, 0, 73895.875000,100739.898438,88955.812500,91682.796875,6108.061523,17.000000,37.000000,24.500000,27.209999,5.006594,-7.000000,13.000000,0.500000,3.210000,5.006586,0.000000,13.000000,2.500000,4.770000,3.552056,0.000000,57.232483,38.366062,42.834187,8.466206,0.000000,26844.023438,15059.941406,17786.916016,6108.189941,0.000000,26844.023438,15059.941406,17786.916016,6108.189941,
155,  155,  73895.875000,  2099.406250,  73895.875000,  0.330000,   0.000738,67, 6, 0, 0, 25, 2, 0, 73895.875000,100864.125000,88657.554688,91225.867188,6638.900879,17.000000,40.000000,30.500000,27.420000,4.948095,-7.000000,16.000000,6.500000,3.420000,4.948091,0.000000,16.000000,6.500000,4.720000,3.728485,0.000000,58.739212,47.166935,43.870777,9.103249,0.000000,26968.250000,14761.679688,17330.007812,6638.633789,0.000000,26968.250000,14761.679688,17330.007812,6638.633789,
156,  156,  73895.875000,  2099.406250,  73895.875000,  0.310000,   0.000765,69, 4, 0, 0, 25, 2, 0, 73895.875000,100947.367188,87756.773438,90609.031250,6428.655762,19.000000,41.000000,29.500000,28.320000,4.857736,-5.000000,17.000000,5.500000,4.320000,4.857736,0.000000,17.000000,5.500000,5.200000,3.901282,0.000000,58.401920,43.155285,43.113430,9.342097,0.000000,27051.492188,13860.898438,16713.146484,6428.790039,0.000000,27051.492188,13860.898438,16713.146484,6428.790039,
157,  157,  73895.875000,  2099.406250,  73895.875000,  0.320000,   0.000745,68, 2, 0, 0, 21, 9, 0, 73895.875000,100942.343750,89336.078125,91693.828125,6179.646484,19.000000,38.000000,20.000000,27.959999,4.516463,-5.000000,14.000000,-4.000000,3.960000,4.516459,0.000000,14.000000,4.000000,4.880000,3.502228,0.000000,60.953564,43.106819,42.285538,8.252412,0.000000,27046.468750,15440.203125,17797.978516,6179.377441,0.000000,27046.468750,15440.203125,17797.978516,6179.377441,
158,  158,  73895.875000,  2099.406250,  73895.875000,  0.210000,   0.000856,79, 3, 0, 0, 15, 3, 0, 73895.875000,100913.750000,91770.156250,92810.937500,6542.963379,17.000000,42.000000,31.500000,28.379999,4.826551,-7.000000,18.000000,7.500000,4.380000,4.826551,0.000000,18.000000,7.500000,5.300000,3.793415,0.000000,62.542309,28.096701,42.535324,8.710780,0.000000,27017.875000,17874.281250,18915.070312,6542.828613,0.000000,27017.875000,17874.281250,18915.070312,6542.828613,
159,  159,  73895.875000,  2099.406250,  73895.875000,  0.180000,   0.000888,82, 2, 3, 0, 11, 2, 0, 73895.875000,100525.937500,92794.195312,92796.382812,6349.722656,19.000000,40.000000,27.500000,28.719999,4.781384,-5.000000,16.000000,3.500000,4.720000,4.781381,0.000000,16.000000,3.500000,5.360000,4.050975,0.000000,58.141922,41.296326,43.084759,9.041989,0.000000,26630.062500,18898.320312,18900.490234,6349.725098,0.000000,26630.062500,18898.320312,18900.490234,6349.725098,
160,  160,  73895.875000,  2099.406250,  73895.875000,  0.100000,   0.000971,90, 0, 1, 0, 8, 1, 0, 73895.875000,100414.507812,93947.406250,93122.679688,6223.814941,18.000000,38.000000,28.500000,28.389999,4.118003,-6.000000,14.000000,4.500000,4.390000,4.117997,0.000000,14.000000,4.500000,4.850000,3.564758,0.000000,59.910870,41.187828,42.325020,9.141733,0.000000,26518.632812,20051.531250,19226.808594,6223.714844,0.000000,26518.632812,20051.531250,19226.808594,6223.714844,
161,  161,  73895.875000,  2099.406250,  73895.875000,  0.160000,   0.000913,84, 1, 0, 0, 13, 2, 0, 73895.875000,100600.304688,91087.390625,92400.179688,6188.670898,18.000000,42.000000,32.500000,28.299999,4.570566,-6.000000,18.000000,8.500000,4.300000,4.570558,0.000000,18.000000,8.500000,4.920000,3.895331,0.000000,64.268295,40.285904,44.056511,9.520576,0.000000,26704.429688,17191.519531,18504.281250,6188.921875,0.000000,26704.429688,17191.519531,18504.281250,6188.921875,
162,  162,  73895.875000,  2099.406250,  73895.875000,  0.310000,   0.000752,69, 3, 2, 0, 20, 6, 0, 73895.875000,100452.718750,91035.609375,92246.351562,6664.379395,19.000000,41.000000,28.000000,28.809999,4.805615,-5.000000,17.000000,4.000000,4.810000,4.805612,0.000000,17.000000,4.000000,5.430000,4.092078,0.000000,57.196445,25.473591,42.630604,8.875034,0.000000,26556.843750,17139.734375,18350.470703,6664.326660,0.000000,26556.843750,17139.734375,18350.470703,6664.326660,
163,  163,  73895.875000,  2099.406250,  73895.875000,  0.170000,   0.000904,83, 3, 1, 0, 10, 3, 0, 73895.875000,100387.531250,91000.093750,92271.484375,6328.884766,17.000000,40.000000,27.500000,29.150000,4.695481,-7.000000,16.000000,3.500000,5.150000,4.695477,0.000000,16.000000,4.500000,5.750000,3.937956,0.000000,60.695450,47.152157,43.396076,8.498384,0.000000,26491.656250,17104.218750,18375.609375,6328.922852,0.000000,26491.656250,17104.218750,18375.609375,6328.922852,
164,  164,  73895.875000,  2099.406250,  73895.875000,  0.180000,   0.000902,82, 0, 0, 0, 13, 5, 0, 73895.875000,100420.007812,89076.265625,91363.757812,6456.470703,19.000000,41.000000,28.500000,29.040001,5.065405,-5.000000,17.000000,4.500000,5.040000,5.065412,0.000000,17.000000,4.500000,5.860000,4.089058,0.000000,65.555176,42.639233,43.468185,9.551196,0.000000,26524.132812,15180.394531,17467.875000,6456.446289,0.000000,26524.132812,15180.394531,17467.875000,6456.446289,
165,  165,  73895.875000,  2099.406250,  73895.875000,  0.160000,   0.000922,84, 1, 2, 0, 11, 2, 0, 73895.875000,100860.390625,89025.453125,91480.679688,5952.042969,18.000000,42.000000,32.000000,29.540001,4.716816,-6.000000,18.000000,8.000000,5.540000,4.716821,0.000000,18.000000,8.000000,6.080000,3.996698,0.000000,60.346306,41.405090,43.540302,8.216217,0.000000,26964.515625,15129.578125,17584.798828,5952.016113,0.000000,26964.515625,15129.578125,17584.798828,5952.016113,
166,  166,  73895.875000,  2099.406250,  73895.875000,  0.240000,   0.000826,76, 2, 4, 0, 14, 4, 0, 73895.875000,100487.921875,90508.859375,92390.187500,5815.554199,16.000000,39.000000,34.000000,29.139999,4.483347,-8.000000,15.000000,10.000000,5.140000,4.483347,0.000000,15.000000,10.000000,5.800000,3.588871,0.000000,64.981506,40.508347,43.280731,9.077433,0.000000,26592.046875,16612.984375,18494.335938,5815.053711,0.000000,26592.046875,16612.984375,18494.335938,5815.053711,
167,  167,  73895.875000,  2099.406250,  73895.875000,  0.240000,   0.000826,76, 2, 1, 0, 15, 6, 0, 73895.875000,100494.656250,91217.210938,92380.593750,6190.242676,18.000000,41.000000,28.000000,28.400000,4.705317,-6.000000,17.000000,4.000000,4.400000,4.705316,0.000000,17.000000,4.000000,5.160000,3.856735,0.000000,62.423592,52.047180,43.272175,9.069804,0.000000,26598.781250,17321.335938,18484.710938,6190.317383,0.000000,26598.781250,17321.335938,18484.710938,6190.317383,
168,  168,  73895.875000,  2099.406250,  73895.875000,  0.230000,   0.000832,77, 2, 1, 0, 18, 2, 0, 73895.875000,100793.031250,93769.453125,93053.210938,6718.552246,19.000000,38.000000,27.000000,27.940001,4.406403,-5.000000,14.000000,3.000000,3.940000,4.406404,0.000000,14.000000,3.000000,4.740000,3.531629,0.000000,60.523781,35.964417,42.126736,8.859478,0.000000,26897.156250,19873.578125,19157.312500,6718.804688,0.000000,26897.156250,19873.578125,19157.312500,6718.804688,
169,  169,  73895.875000,  2099.406250,  73895.875000,  0.230000,   0.000843,77, 3, 0, 0, 19, 1, 0, 73895.875000,100362.328125,88855.046875,91855.976562,6671.865723,18.000000,45.000000,27.000000,28.370001,4.644681,-6.000000,21.000000,3.000000,4.370000,4.644685,0.000000,21.000000,3.000000,5.270000,3.591253,0.000000,58.633160,44.309937,41.231686,7.770206,0.000000,26466.453125,14959.171875,17960.111328,6671.719238,0.000000,26466.453125,14959.171875,17960.111328,6671.719238,
170,  170,  73895.875000,  2099.406250,  73895.875000,  0.280000,   0.000775,72, 1, 1, 0, 19, 7, 0, 73895.875000,101257.968750,96351.476562,93399.656250,6774.030273,15.000000,43.000000,24.000000,28.209999,5.210176,-9.000000,19.000000,0.000000,4.210000,5.210173,0.000000,19.000000,1.000000,5.330000,4.057228,0.000000,57.555977,46.200623,41.032883,8.269818,0.000000,27362.093750,22455.601562,19503.800781,6773.687988,0.000000,27362.093750,22455.601562,19503.800781,6773.687988,
171,  171,  73895.875000,  2099.406250,  73895.875000,  0.240000,   0.000818,76, 1, 0, 0, 16, 7, 0, 73895.875000,100602.859375,95308.320312,93417.406250,6741.679199,12.000000,41.000000,19.500000,26.520000,4.928443,-12.000000,17.000000,-4.500000,2.520000,4.928448,0.000000,17.000000,5.500000,4.180000,3.628719,0.000000,56.234119,45.473457,42.794136,7.304491,0.000000,26706.984375,21412.445312,19521.521484,6741.926270,0.000000,26706.984375,21412.445312,19521.521484,6741.926270,
172,  172,  73895.875000,  2099.406250,  73895.875000,  0.190000,   0.000875,81, 2, 0, 0, 14, 3, 0, 73895.875000,100885.437500,93769.453125,93003.390625,6462.415527,16.000000,42.000000,32.500000,26.950001,4.869030,-8.000000,18.000000,8.500000,2.950000,4.869035,0.000000,18.000000,8.500000,4.290000,3.742446,0.000000,58.796719,43.651276,41.336288,8.265824,0.000000,26989.562500,19873.578125,19107.509766,6462.507324,0.000000,26989.562500,19873.578125,19107.509766,6462.507324,
173,  173,  73895.875000,  2099.406250,  73895.875000,  0.160000,   0.000913,84, 1, 0, 0, 15, 0, 0, 73895.875000,100667.226562,91532.984375,92473.039062,6800.470703,13.000000,37.000000,27.500000,25.709999,4.534973,-11.000000,13.000000,3.500000,1.710000,4.534964,0.000000,13.000000,3.500000,3.850000,2.944062,0.000000,57.058830,35.781185,41.353409,8.198950,0.000000,26771.351562,17637.105469,18577.156250,6800.576660,0.000000,26771.351562,17637.105469,18577.156250,6800.576660,
174,  174,  73895.875000,  2099.406250,  73895.875000,  0.180000,   0.000892,82, 2, 0, 0, 15, 1, 0, 73895.875000,100521.140625,91365.984375,92484.265625,7012.053711,14.000000,38.000000,25.500000,25.950001,4.703988,-10.000000,14.000000,1.500000,1.950000,4.703988,0.000000,14.000000,1.500000,3.830000,3.355756,0.000000,56.738216,38.117649,42.079475,7.696086,0.000000,26625.265625,17470.113281,18588.390625,7012.224609,0.000000,26625.265625,17470.113281,18588.390625,7012.224609,
175,  175,  73895.875000,  2099.406250,  73895.875000,  0.100000,   0.000984,90, 1, 0, 0, 8, 1, 0, 73895.875000,100453.992188,88863.414062,91937.085938,6539.558594,13.000000,37.000000,25.000000,25.510000,4.511081,-11.000000,13.000000,1.000000,1.510000,4.511086,0.000000,13.000000,1.000000,3.590000,3.121202,0.000000,57.437752,42.556244,41.892200,8.362266,0.000000,26558.117188,14967.539062,18041.224609,6539.396973,0.000000,26558.117188,14967.539062,18041.224609,6539.396973,
176,  176,  73895.875000,  2099.406250,  73895.875000,  0.150000,   0.000936,85, 2, 0, 0, 12, 1, 0, 73895.875000,100568.273438,88409.250000,91262.359375,6283.417969,14.000000,37.000000,29.000000,24.490000,4.405668,-10.000000,13.000000,5.000000,0.490000,4.405667,0.000000,13.000000,5.000000,3.450000,2.783433,0.000000,62.452450,40.304600,42.791336,8.559249,0.000000,26672.398438,14513.375000,17366.482422,6283.481934,0.000000,26672.398438,14513.375000,17366.482422,6283.481934,
177,  177,  73895.875000,  2099.406250,  73895.875000,  0.160000,   0.000920,84, 2, 0, 0, 10, 4, 0, 73895.875000,100753.773438,88993.023438,91743.984375,6309.398926,17.000000,36.000000,21.000000,24.280001,4.094093,-7.000000,12.000000,-3.000000,0.280000,4.094093,0.000000,12.000000,3.000000,3.300000,2.439262,0.000000,57.310928,37.269753,43.928230,7.841034,0.000000,26857.898438,15097.148438,17848.109375,6309.421387,0.000000,26857.898438,15097.148438,17848.109375,6309.421387,
178,  178,  73895.875000,  2099.406250,  73895.875000,  0.190000,   0.000888,81, 1, 0, 0, 13, 5, 0, 73895.875000,100799.390625,90637.734375,91768.570312,6839.209473,14.000000,35.000000,24.500000,24.830000,4.256895,-10.000000,11.000000,0.500000,0.830000,4.256888,0.000000,11.000000,1.500000,3.410000,2.679907,0.000000,57.514572,49.248394,44.175114,8.219047,0.000000,26903.515625,16741.859375,17872.691406,6839.188477,0.000000,26903.515625,16741.859375,17872.691406,6839.188477,
179,  179,  73895.875000,  2099.406250,  73895.875000,  0.190000,   0.000878,81, 1, 2, 0, 12, 4, 0, 73895.875000,100539.632812,91844.101562,92743.085938,6844.709473,15.000000,34.000000,19.000000,24.450001,4.297379,-9.000000,10.000000,-5.000000,0.450000,4.297383,0.000000,10.000000,5.000000,3.490000,2.547528,0.000000,63.999199,45.969688,44.404663,8.074195,0.000000,26643.757812,17948.226562,18847.210938,6844.835938,0.000000,26643.757812,17948.226562,18847.210938,6844.835938,
180,  180,  73895.875000,  2099.406250,  73895.875000,  0.230000,   0.000837,77, 3, 1, 0, 14, 5, 0, 73895.875000,100552.859375,90826.273438,92555.171875,7149.296875,16.000000,34.000000,21.500000,23.620001,3.443195,-8.000000,10.000000,-2.500000,-0.380000,3.443196,0.000000,10.000000,2.500000,2.680000,2.194903,0.000000,61.284256,47.785351,44.194851,8.820198,0.000000,26656.984375,16930.398438,18659.320312,7149.068848,0.000000,26656.984375,16930.398438,18659.320312,7149.068848,
181,  181,  73895.875000,  2099.406250,  73895.875000,  0.240000,   0.000818,76, 5, 0, 0, 13, 6, 0, 73895.875000,100565.937500,94879.453125,93479.101562,7067.654785,14.000000,34.000000,22.000000,23.480000,4.355418,-10.000000,10.000000,-2.000000,-0.520000,4.355411,0.000000,10.000000,6.000000,3.520000,2.617174,0.000000,67.659424,47.695370,43.890610,8.799345,0.000000,26670.062500,20983.582031,19583.212891,7067.933105,0.000000,26670.062500,20983.582031,19583.212891,7067.933105,
182,  182,  73895.875000,  2099.406250,  73895.875000,  0.280000,   0.000773,72, 3, 1, 0, 18, 6, 0, 73895.875000,100650.000000,95258.390625,93684.070312,6621.603516,15.000000,35.000000,18.500000,24.459999,4.311431,-9.000000,11.000000,-5.500000,0.460000,4.311427,0.000000,11.000000,5.500000,3.560000,2.475157,0.000000,64.317268,44.966351,42.860008,8.911778,0.000000,26754.125000,21362.511719,19788.197266,6621.576660,0.000000,26754.125000,21362.511719,19788.197266,6621.576660,
183,  183,  73895.875000,  2099.406250,  73895.875000,  0.200000,   0.000863,80, 3, 1, 0, 15, 1, 0, 73895.875000,100570.156250,95853.117188,93322.390625,7117.680664,14.000000,36.000000,27.500000,24.709999,4.405218,-10.000000,12.000000,3.500000,0.710000,4.405213,0.000000,12.000000,6.500000,3.590000,2.649887,0.000000,58.268227,40.907387,42.774792,9.506269,0.000000,26674.281250,21957.242188,19426.527344,7117.595215,0.000000,26674.281250,21957.242188,19426.527344,7117.595215,
184,  184,  73895.875000,  2099.406250,  73895.875000,  0.280000,   0.000778,72, 6, 5, 0, 10, 7, 0, 73895.875000,100558.187500,95091.679688,93160.531250,7194.522461,14.000000,35.000000,26.000000,24.440001,4.663303,-10.000000,11.000000,2.000000,0.440000,4.663304,0.000000,11.000000,3.000000,3.840000,2.682238,0.000000,61.258095,45.544636,44.071777,9.650458,0.000000,26662.312500,21195.804688,19264.656250,7194.595703,0.000000,26662.312500,21195.804688,19264.656250,7194.595703,
185,  185,  73895.875000,  2099.406250,  73895.875000,  0.210000,   0.000850,79, 7, 0, 0, 13, 1, 0, 73895.875000,100688.929688,96224.554688,93517.265625,6849.345703,15.000000,37.000000,22.000000,24.260000,4.360320,-9.000000,13.000000,-2.000000,0.260000,4.360321,0.000000,13.000000,2.000000,3.560000,2.531087,0.000000,63.298866,59.392265,43.629795,10.010133,0.000000,26793.054688,22328.679688,19621.392578,6849.277832,0.000000,26793.054688,22328.679688,19621.392578,6849.277832,
186,  186,  73895.875000,  2099.406250,  73895.875000,  0.170000,   0.000894,83, 4, 1, 0, 11, 1, 0, 73895.875000,100502.250000,95420.531250,93288.757812,6613.169922,15.000000,36.000000,22.500000,23.430000,4.082291,-9.000000,12.000000,-1.500000,-0.570000,4.082291,0.000000,12.000000,4.500000,3.310000,2.456400,0.000000,59.304646,25.572830,42.124500,9.444779,0.000000,26606.375000,21524.656250,19392.878906,6613.317383,0.000000,26606.375000,21524.656250,19392.878906,6613.317383,
187,  187,  73895.875000,  2099.406250,  73895.875000,  0.190000,   0.000870,81, 4, 0, 0, 10, 5, 0, 73895.875000,100768.328125,96633.015625,93696.117188,6980.475586,13.000000,36.000000,25.000000,23.879999,4.722887,-11.000000,12.000000,1.000000,-0.120000,4.722880,0.000000,12.000000,2.000000,3.780000,2.834008,0.000000,63.538750,38.643463,43.666145,10.208974,0.000000,26872.453125,22737.140625,19800.238281,6980.521484,0.000000,26872.453125,22737.140625,19800.238281,6980.521484,
188,  188,  73895.875000,  2099.406250,  73895.875000,  0.250000,   0.000807,75, 7, 1, 0, 14, 3, 0, 73895.875000,100655.484375,95916.750000,93462.078125,7071.131348,15.000000,40.000000,26.000000,24.150000,4.437060,-9.000000,16.000000,2.000000,0.150000,4.437060,0.000000,16.000000,2.000000,3.430000,2.818705,0.000000,69.097298,39.530422,43.246685,10.226667,0.000000,26759.609375,22020.875000,19566.199219,7071.149414,0.000000,26759.609375,22020.875000,19566.199219,7071.149414,
189,  189,  73895.875000,  2099.406250,  73895.875000,  0.180000,   0.000892,82, 2, 3, 0, 10, 3, 0, 73895.875000,100544.132812,93730.875000,92499.484375,6965.166016,16.000000,32.000000,30.500000,24.580000,3.614360,-8.000000,8.000000,6.500000,0.580000,3.614360,0.000000,8.000000,6.500000,2.900000,2.233830,0.000000,58.277046,36.923782,41.041275,9.733679,0.000000,26648.257812,19835.003906,18603.621094,6965.037109,0.000000,26648.257812,19835.003906,18603.621094,6965.037109,
190,  190,  73895.875000,  2099.406250,  73895.875000,  0.270000,   0.000801,73, 2, 1, 0, 15, 9, 0, 73895.875000,100497.054688,88846.539062,91740.328125,7322.792969,15.000000,37.000000,25.500000,24.410000,4.007729,-9.000000,13.000000,1.500000,0.410000,4.007730,0.000000,13.000000,1.500000,3.170000,2.486181,0.000000,63.164047,46.120766,40.894447,9.869609,0.000000,26601.179688,14950.664062,17844.441406,7322.926270,0.000000,26601.179688,14950.664062,17844.441406,7322.926270,
191,  191,  73895.875000,  2099.406250,  73895.875000,  0.240000,   0.000834,76, 3, 1, 0, 15, 5, 0, 73895.875000,100511.867188,89487.375000,91556.343750,6481.362793,16.000000,34.000000,27.500000,24.180000,3.980904,-8.000000,10.000000,3.500000,0.180000,3.980904,0.000000,10.000000,3.500000,3.160000,2.427839,0.000000,66.671143,42.877750,41.000721,10.078319,0.000000,26615.992188,15591.500000,17660.451172,6481.491211,0.000000,26615.992188,15591.500000,17660.451172,6481.491211,
192,  192,  73895.875000,  2099.406250,  73895.875000,  0.250000,   0.000836,75, 3, 2, 0, 16, 4, 0, 73895.875000,100604.125000,87817.507812,90254.804688,7042.254395,16.000000,35.000000,27.000000,24.440001,3.995802,-8.000000,11.000000,3.000000,0.440000,3.995798,0.000000,11.000000,3.000000,3.200000,2.433105,0.000000,63.229740,44.982246,40.946587,9.008792,0.000000,26708.250000,13921.632812,16358.940430,7042.064453,0.000000,26708.250000,13921.632812,16358.940430,7042.064453,
193,  193,  73895.875000,  2099.406250,  73895.875000,  0.290000,   0.000775,71, 5, 1, 0, 17, 6, 0, 73895.875000,100713.375000,90649.421875,92215.906250,7062.582031,16.000000,39.000000,25.500000,24.740000,4.502495,-8.000000,15.000000,1.500000,0.740000,4.502488,0.000000,15.000000,2.500000,3.460000,2.974626,0.000000,59.663429,29.638557,41.239136,9.399564,0.000000,26817.500000,16753.546875,18320.013672,7062.872070,0.000000,26817.500000,16753.546875,18320.013672,7062.872070,
194,  194,  73895.875000,  2099.406250,  73895.875000,  0.200000,   0.000885,80, 3, 0, 0, 10, 7, 0, 73895.875000,100489.765625,88461.031250,90961.726562,6972.512695,13.000000,35.000000,30.000000,24.670000,4.181046,-11.000000,11.000000,6.000000,0.670000,4.181041,0.000000,11.000000,6.000000,3.350000,2.589885,0.000000,67.686157,36.649506,39.823353,9.015300,0.000000,26593.890625,14565.152344,17065.863281,6972.350098,0.000000,26593.890625,14565.152344,17065.863281,6972.350098,
195,  195,  73895.875000,  2099.406250,  73895.875000,  0.300000,   0.000778,70, 2, 1, 0, 14, 13, 0, 73895.875000,100760.687500,88247.109375,90464.125000,6315.887207,13.000000,39.000000,22.000000,24.639999,3.993800,-11.000000,15.000000,-2.000000,0.640000,3.993795,0.000000,15.000000,2.000000,3.060000,2.645071,0.000000,62.652279,39.766228,40.974632,9.498554,0.000000,26864.812500,14351.238281,16568.259766,6315.856934,0.000000,26864.812500,14351.238281,16568.259766,6315.856934,
196,  196,  73895.875000,  2099.406250,  73895.875000,  0.280000,   0.000809,72, 3, 1, 0, 17, 7, 0, 73895.875000,100526.921875,87730.179688,89359.257812,6039.401367,13.000000,36.000000,18.500000,24.190001,4.406118,-11.000000,12.000000,-5.500000,0.190000,4.406121,0.000000,12.000000,5.500000,3.390000,2.820975,0.000000,58.986790,41.367611,41.869411,9.336725,0.000000,26631.046875,13834.304688,15463.383789,6039.341797,0.000000,26631.046875,13834.304688,15463.383789,6039.341797,
197,  197,  73895.875000,  2099.406250,  73895.875000,  0.340000,   0.000736,66, 2, 0, 0, 25, 7, 0, 73895.875000,100696.125000,88570.078125,90260.023438,7193.490234,17.000000,31.000000,26.500000,23.750000,3.253848,-7.000000,7.000000,2.500000,-0.250